{
  "thresholds": {
    "auth": {
      "threshold": 12.810603141784668,
      "info": {
        "method": "gpd_pot",
        "u": 5.097093992233281,
        "xi": -0.3568056625836242,
        "scale": 6.3981369252229685,
        "n_excess": 84,
        "gpd_level": 12.110939451201066,
        "emp": 12.810603141784668,
        "floored": true
      }
    },
    "syslog": {
      "threshold": 16.396050334930436,
      "info": {
        "method": "quantile_fallback",
        "reason": "xi_rejected",
        "u": 4.0420514011383055,
        "xi": 1.458544589543027,
        "n_excess": 796,
        "emp": 16.396050334930436
      }
    },
    "auditd": {
      "threshold": 0.14315916031599132,
      "info": {
        "method": "quantile_fallback",
        "reason": "xi_rejected",
        "u": 0.07493759945034972,
        "xi": 2.0882891113493596,
        "n_excess": 131,
        "emp": 0.14315916031599132
      }
    }
  },
  "unsupervised_diagnostics": {
    "auth": {
      "n": 4183,
      "alert_rate_pct": 0.0,
      "mse_median": 0.009545,
      "mse_p99": 1.618199,
      "mse_skewness": 6.834,
      "mse_kurtosis": 45.666,
      "latent_var_min": 0.299909,
      "latent_var_mean": 1.11706,
      "latent_dead_dims": 0
    },
    "syslog": {
      "n": 39800,
      "alert_rate_pct": 0.038,
      "mse_median": 0.01406,
      "mse_p99": 4.0665,
      "mse_skewness": 16.918,
      "mse_kurtosis": 409.977,
      "latent_var_min": 0.445424,
      "latent_var_mean": 0.860054,
      "latent_dead_dims": 0
    },
    "auditd": {
      "n": 6551,
      "alert_rate_pct": 9.006,
      "mse_median": 0.040341,
      "mse_p99": 1.322316,
      "mse_skewness": 15.764,
      "mse_kurtosis": 282.258,
      "latent_var_min": 0.163784,
      "latent_var_mean": 0.884113,
      "latent_dead_dims": 0
    }
  },
  "n_scored": 50534,
  "n_alerts_primary": 590,
  "n_alerts_context": 15,
  "n_alert_episodes": 7,
  "source_roles": {
    "auth": "alert",
    "auditd": "alert",
    "syslog": "correlation"
  }
}