{
  "thresholds": {
    "auth": {
      "threshold": 1.8669928312301636,
      "info": {
        "method": "gpd_pot",
        "u": 0.7316107749938965,
        "xi": -0.85029008483147,
        "scale": 1.2414637586542747,
        "n_excess": 107,
        "gpd_level": 1.7361103985597384,
        "emp": 1.8669928312301636,
        "floored": true
      }
    },
    "syslog": {
      "threshold": 12.821206981658928,
      "info": {
        "method": "gpd_pot",
        "u": 2.4955569314956647,
        "xi": 0.7882350228948712,
        "scale": 0.4689758212803251,
        "n_excess": 800,
        "gpd_level": 8.210337127833968,
        "emp": 12.821206981658928,
        "floored": true
      }
    },
    "auditd": {
      "threshold": 3.8421175924655566,
      "info": {
        "method": "gpd_pot",
        "u": 1.9632984662055875,
        "xi": 0.3638123969483767,
        "scale": 1.042120192057563,
        "n_excess": 1265,
        "gpd_level": 3.8421175924655566,
        "emp": 3.2575629293918444,
        "floored": false
      }
    }
  },
  "unsupervised_diagnostics": {
    "auth": {
      "n": 5440,
      "alert_rate_pct": 8.952,
      "mse_median": 0.0,
      "mse_p99": 8.340724,
      "mse_skewness": 3.752,
      "mse_kurtosis": 14.923,
      "latent_var_min": 0.298016,
      "latent_var_mean": 1.486799,
      "latent_dead_dims": 0
    },
    "syslog": {
      "n": 40000,
      "alert_rate_pct": 0.08,
      "mse_median": 0.0,
      "mse_p99": 3.112253,
      "mse_skewness": 7.527,
      "mse_kurtosis": 93.695,
      "latent_var_min": 0.234443,
      "latent_var_mean": 0.464471,
      "latent_dead_dims": 0
    },
    "auditd": {
      "n": 63250,
      "alert_rate_pct": 0.212,
      "mse_median": 0.0,
      "mse_p99": 2.568948,
      "mse_skewness": 8.703,
      "mse_kurtosis": 194.501,
      "latent_var_min": 0.924764,
      "latent_var_mean": 3.147212,
      "latent_dead_dims": 0
    }
  },
  "n_scored": 108690,
  "n_alerts_primary": 653,
  "n_alerts_context": 0,
  "n_alert_episodes": 40,
  "source_roles": {
    "auth": "alert",
    "auditd": "alert",
    "syslog": "alert"
  }
}