{
  "thresholds": {
    "auth": {
      "threshold": 21.030899343491118,
      "info": {
        "method": "gpd_pot",
        "u": 6.205693759918213,
        "xi": 0.7160864350470648,
        "scale": 4.685645120534797,
        "n_excess": 66,
        "gpd_level": 17.319856680611323,
        "emp": 21.030899343491118,
        "floored": true
      }
    },
    "syslog": {
      "threshold": 41.94446010971177,
      "info": {
        "method": "gpd_pot",
        "u": 5.527945728302052,
        "xi": 0.35705494689451267,
        "scale": 3.289043456523459,
        "n_excess": 1400,
        "gpd_level": 23.16199608359632,
        "emp": 41.94446010971177,
        "floored": true
      }
    }
  },
  "unsupervised_diagnostics": {
    "auth": {
      "n": 3999,
      "alert_rate_pct": 0.025,
      "mse_median": 0.004657,
      "mse_p99": 6.940032,
      "mse_skewness": 8.53,
      "mse_kurtosis": 76.181,
      "latent_var_min": 0.695176,
      "latent_var_mean": 2.75507,
      "latent_dead_dims": 0
    },
    "syslog": {
      "n": 69301,
      "alert_rate_pct": 0.118,
      "mse_median": 0.012952,
      "mse_p99": 7.116115,
      "mse_skewness": 22.72,
      "mse_kurtosis": 702.013,
      "latent_var_min": 1.236818,
      "latent_var_mean": 6.942518,
      "latent_dead_dims": 0
    }
  },
  "n_scored": 73300,
  "n_alerts": 83,
  "n_alert_episodes": 40
}