@timestamp,log_source,host_name,user_name,source_ip,process_name,event_type,mse,threshold,is_alert,confidence,confidence_level,top_features,top_feat,split,role,episode_id
2026-08-04 21:41:20.413000+00:00,auditd,asus-x415ja,hala-hamza,,gnome-terminal,executed,10.147725,8.669546602707712,1,1.171,low,"parent_child_rarity=16.8, proc_rarity=8.2, cmd_entropy=0.7",parent_child_rarity,test,alert,EP-e5ceb4846e
2026-08-04 21:41:26.570000+00:00,auditd,asus-x415ja,hala-hamza,,seq,executed,27.49744,8.669546602707712,1,3.172,high,"parent_child_rarity=34.4, exe_path_rarity=16.7, proc_rarity=12.9",parent_child_rarity,test,alert,EP-e5ceb4846e
2026-08-04 21:41:26.573000+00:00,auditd,asus-x415ja,hala-hamza,,ssh,executed,27.589697,8.669546602707712,1,3.182,high,"parent_child_rarity=34.5, cmd_length_log=2.5, arg_count=2.3",parent_child_rarity,test,alert,EP-e5ceb4846e
2026-08-04 21:41:26.580000+00:00,auditd,asus-x415ja,hala-hamza,,ssh,opened-file,10.277977,8.669546602707712,1,1.186,low,"parent_child_rarity=17.0, event_type_seq=5.9, cmd_entropy=1.0",parent_child_rarity,test,alert,EP-e5ceb4846e
2026-08-04 21:41:59.003000+00:00,auditd,asus-x415ja,root,,sshd,bound-socket,9.896536,8.669546602707712,1,1.142,low,"event_type_seq=16.7, cmd_entropy=0.2, syscall_rarity=0.1",event_type_seq,test,alert,EP-e5ceb4846e
2026-08-04 21:42:03.200000+00:00,auditd,asus-x415ja,root,,sshd,bound-socket,9.29512,8.669546602707712,1,1.072,low,"event_type_seq=16.1, cmd_entropy=0.3, syscall_rarity=0.0",event_type_seq,test,alert,EP-e5ceb4846e
2026-08-04 21:43:15.672000+00:00,auditd,asus-x415ja,hala-hamza,,hostname,executed,45.171688,8.669546602707712,1,5.21,high,"proc_rarity=50.0, exe_path_rarity=50.0, cmd_length_log=2.7",proc_rarity,test,alert,EP-e5ceb4846e
2026-08-04 21:43:19.057000+00:00,auditd,asus-x415ja,root,,tee,executed,45.171688,8.669546602707712,1,5.21,high,"proc_rarity=50.0, exe_path_rarity=50.0, arg_count=2.8",proc_rarity,test,alert,EP-e5ceb4846e
2026-08-04 21:44:27.207000+00:00,auditd,asus-x415ja,hala-hamza,,uname,executed,10.159793,8.669546602707712,1,1.172,low,"parent_child_rarity=17.0, cmd_length_log=2.8, cmd_entropy=1.3",parent_child_rarity,test,alert,EP-e5ceb4846e
2026-08-04 21:53:41.169000+00:00,auditd,asus-x415ja,hala-hamza,,uvicorn,executed,27.582932,8.669546602707712,1,3.182,high,"parent_child_rarity=34.5, arg_count=5.5, cmd_length_log=0.7",parent_child_rarity,test,alert,EP-c173736e71
2026-08-04 21:53:41.169000+00:00,auditd,asus-x415ja,hala-hamza,,uvicorn,executed,10.270922,8.669546602707712,1,1.185,low,"parent_child_rarity=17.1, arg_count=3.4, cmd_entropy=0.7",parent_child_rarity,test,alert,EP-c173736e71
2026-08-04 21:53:41.169000+00:00,auditd,asus-x415ja,hala-hamza,,uname,executed,27.552752,8.669546602707712,1,3.178,high,"parent_child_rarity=34.5, cmd_length_log=2.5, cmd_entropy=1.5",parent_child_rarity,test,alert,EP-c173736e71
2026-08-04 22:08:44.741000+00:00,auditd,asus-x415ja,hala-hamza,,jq,executed,45.180153,8.669546602707712,1,5.211,high,"proc_rarity=50.0, exe_path_rarity=50.0, parent_child_rarity=34.5",proc_rarity,test,alert,EP-38cfe9d7e9
2026-08-04 22:09:37.695000+00:00,auditd,asus-x415ja,hala-hamza,,jq,executed,27.519943,8.669546602707712,1,3.174,high,"exe_path_rarity=34.2, proc_rarity=26.8, parent_child_rarity=17.0",exe_path_rarity,test,alert,EP-38cfe9d7e9
2026-08-04 22:23:36.463000+00:00,auditd,asus-x415ja,hala-hamza,,tree,executed,45.171688,8.669546602707712,1,5.21,high,"proc_rarity=50.0, exe_path_rarity=50.0, cmd_length_log=2.2",proc_rarity,test,alert,EP-5ce5fa3582
2026-08-04 23:00:03.580000+00:00,auditd,asus-x415ja,root,,(b-backup),connected-to,20.301903,8.669546602707712,1,2.342,medium,"proc_rarity=27.1, parent_child_rarity=17.2, cmd_entropy=1.1",proc_rarity,test,alert,EP-b3367c0d57
2026-08-04 23:00:03.583000+00:00,auditd,asus-x415ja,root,,dpkg-db-backup,executed,19.980011,8.669546602707712,1,2.305,medium,"proc_rarity=26.8, parent_child_rarity=17.0, arg_count=1.3",proc_rarity,test,alert,EP-b3367c0d57
2026-08-04 23:00:03.587000+00:00,auditd,asus-x415ja,root,,basename,executed,9.789785,8.669546602707712,1,1.129,low,"parent_child_rarity=16.6, proc_rarity=0.6, exe_path_rarity=0.4",parent_child_rarity,test,alert,EP-b3367c0d57
2026-08-04 23:29:28.740000+00:00,auditd,asus-x415ja,hala-hamza,,Chrome_ChildIOT,connected-to,9.409732,8.669546602707712,1,1.085,low,inter_arrival_log=16.2,inter_arrival_log,test,alert,EP-543614bd88
2026-08-04 23:29:28.795000+00:00,auditd,asus-x415ja,root,,(sa2),connected-to,43.10893,8.669546602707712,1,4.972,high,"proc_rarity=50.0, parent_child_rarity=34.4, cmd_entropy=1.1",proc_rarity,test,alert,EP-543614bd88
2026-08-04 23:29:28.796000+00:00,auditd,asus-x415ja,root,,sa2,executed,19.79596,8.669546602707712,1,2.283,medium,"proc_rarity=26.6, parent_child_rarity=16.9, exe_path_rarity=0.2",proc_rarity,test,alert,EP-543614bd88
2026-08-04 23:29:28.807000+00:00,auditd,asus-x415ja,root,,date,executed,26.921295,8.669546602707712,1,3.105,high,"parent_child_rarity=33.8, cmd_entropy=1.3, arg_count=0.6",parent_child_rarity,test,alert,EP-543614bd88
2026-08-04 23:29:28.829000+00:00,auditd,asus-x415ja,root,,sar.sysstat,executed,44.990852,8.669546602707712,1,5.19,high,"exe_path_rarity=49.9, proc_rarity=49.8, parent_child_rarity=33.9",exe_path_rarity,test,alert,EP-543614bd88
2026-08-04 23:29:29.045000+00:00,auditd,asus-x415ja,root,,grep,executed,27.431213,8.669546602707712,1,3.164,high,"parent_child_rarity=34.3, cmd_entropy=2.6, cmd_length_log=0.4",parent_child_rarity,test,alert,EP-543614bd88
2026-08-04 23:29:29.045000+00:00,auditd,asus-x415ja,root,,find,executed,27.214272,8.669546602707712,1,3.139,high,"parent_child_rarity=34.1, arg_count=1.7, cmd_entropy=0.6",parent_child_rarity,test,alert,EP-543614bd88
2026-08-04 23:29:29.046000+00:00,auditd,asus-x415ja,root,,xargs,executed,27.085615,8.669546602707712,1,3.124,high,"parent_child_rarity=34.0, exe_path_rarity=3.2, proc_rarity=2.2",parent_child_rarity,test,alert,EP-543614bd88
2026-08-04 23:29:29.051000+00:00,auditd,asus-x415ja,root,,rm,executed,9.628302,8.669546602707712,1,1.111,low,"parent_child_rarity=16.4, cmd_length_log=0.8, proc_rarity=0.8",parent_child_rarity,test,alert,EP-543614bd88
2026-08-04 23:29:29.061000+00:00,auditd,asus-x415ja,root,,grep,executed,9.734744,8.669546602707712,1,1.123,low,"parent_child_rarity=16.5, cmd_entropy=0.9, proc_rarity=0.7",parent_child_rarity,test,alert,EP-543614bd88
2026-08-04 23:29:29.061000+00:00,auditd,asus-x415ja,root,,xargs,executed,9.772419,8.669546602707712,1,1.127,low,"parent_child_rarity=16.5, cmd_entropy=2.7, cmd_length_log=2.5",parent_child_rarity,test,alert,EP-543614bd88
2026-08-04 23:29:29.063000+00:00,auditd,asus-x415ja,root,,find,executed,10.264376,8.669546602707712,1,1.184,low,"parent_child_rarity=17.0, arg_count=6.8, cmd_entropy=2.2",parent_child_rarity,test,alert,EP-543614bd88
2026-08-10 05:07:03.048000+00:00,auditd,asus-x415ja,,,,changed-audit-configuration,13.962088,8.669546602707712,1,1.61,medium,"inter_arrival_log=20.7, cmd_entropy=10.7, cmd_length_log=8.6",inter_arrival_log,test,alert,EP-d86f125761
2026-08-10 05:21:52.314000+00:00,auditd,asus-x415ja,gdm,,false,executed,10.218517,8.669546602707712,1,1.179,low,"exe_path_rarity=16.2, proc_rarity=12.5, user_rarity=4.1",exe_path_rarity,test,alert,EP-14966c6311
2026-08-10 05:23:13.636000+00:00,auditd,asus-x415ja,hala-hamza,,user-session-he,executed,9.531955,8.669546602707712,1,1.099,low,"exe_path_rarity=16.1, proc_rarity=6.6, parent_child_rarity=5.9",exe_path_rarity,test,alert,EP-14966c6311
2026-08-10 05:23:14.404000+00:00,auditd,asus-x415ja,hala-hamza,,pool-gsd-housek,connected-to,11.715376,8.669546602707712,1,1.351,low,"proc_rarity=16.6, parent_child_rarity=16.3, exe_path_rarity=2.5",proc_rarity,test,alert,EP-14966c6311
2026-08-10 05:23:14.642000+00:00,auditd,asus-x415ja,hala-hamza,,64636F6E6620776F726B6572,connected-to,27.164629,8.669546602707712,1,3.133,high,"parent_child_rarity=34.1, exe_path_rarity=0.4, cmd_entropy=0.3",parent_child_rarity,test,alert,EP-14966c6311
2026-08-10 05:23:35.072000+00:00,auditd,asus-x415ja,hala-hamza,,codex,executed,43.092247,8.669546602707712,1,4.971,high,"exe_path_rarity=50.0, cmd_length_log=4.5, cmd_entropy=3.5",exe_path_rarity,test,alert,EP-14966c6311
2026-08-10 05:23:35.113000+00:00,auditd,asus-x415ja,hala-hamza,,codex,changed-file-permissions-of,27.211374,8.669546602707712,1,3.139,high,"exe_path_rarity=34.1, cmd_entropy=3.8, cmd_length_log=3.8",exe_path_rarity,test,alert,EP-14966c6311
2026-08-10 05:23:35.242000+00:00,auditd,asus-x415ja,hala-hamza,,codex-main,executed,15.444241,8.669546602707712,1,1.781,medium,"exe_path_rarity=22.3, cmd_length_log=3.5, cmd_entropy=3.1",exe_path_rarity,test,alert,EP-14966c6311
2026-08-10 05:23:35.242000+00:00,auditd,asus-x415ja,hala-hamza,,codex-main,executed,9.906767,8.669546602707712,1,1.143,low,"exe_path_rarity=16.7, cmd_length_log=3.6, cmd_entropy=3.4",exe_path_rarity,test,alert,EP-14966c6311
2026-08-10 05:24:17.953000+00:00,auditd,asus-x415ja,hala-hamza,,ischroot,executed,27.789669,8.669546602707712,1,3.205,high,"parent_child_rarity=34.6, exe_path_rarity=22.7, proc_rarity=17.8",parent_child_rarity,test,alert,EP-14966c6311
2026-08-10 06:19:55.118000+00:00,auditd,asus-x415ja,hala-hamza,,gvfsd-recent,executed,27.426859,8.669546602707712,1,3.164,high,"parent_child_rarity=34.3, exe_path_rarity=13.2, proc_rarity=12.9",parent_child_rarity,test,alert,EP-36746677de
2026-08-10 06:19:55.134000+00:00,auditd,asus-x415ja,hala-hamza,,gvfsd-recent,connected-to,10.981211,8.669546602707712,1,1.267,low,"parent_child_rarity=17.2, exe_path_rarity=11.2, proc_rarity=10.6",parent_child_rarity,test,alert,EP-36746677de
2026-08-10 06:19:57.912000+00:00,auditd,asus-x415ja,hala-hamza,,pool-org.gnome.,executed,26.889986,8.669546602707712,1,3.102,high,"parent_child_rarity=33.8, arg_count=4.6, inter_arrival_log=2.2",parent_child_rarity,test,alert,EP-36746677de
2026-08-10 06:19:57.912000+00:00,auditd,asus-x415ja,hala-hamza,,pool-org.gnome.,executed,9.787845,8.669546602707712,1,1.129,low,"parent_child_rarity=16.6, cmd_entropy=1.1, arg_count=0.9",parent_child_rarity,test,alert,EP-36746677de
2026-08-10 06:19:57.912000+00:00,auditd,asus-x415ja,hala-hamza,,bwrap,executed,27.413727,8.669546602707712,1,3.162,high,"parent_child_rarity=34.3, arg_count=13.9, cmd_length_log=9.3",parent_child_rarity,test,alert,EP-36746677de
2026-08-10 06:19:57.952000+00:00,auditd,asus-x415ja,hala-hamza,,evince-thumbnai,executed,45.180138,8.669546602707712,1,5.211,high,"proc_rarity=50.0, exe_path_rarity=50.0, parent_child_rarity=34.5",proc_rarity,test,alert,EP-36746677de
2026-08-10 06:20:16.332000+00:00,auditd,asus-x415ja,hala-hamza,,evince,connected-to,27.021976,8.669546602707712,1,3.117,high,"parent_child_rarity=33.9, proc_rarity=1.9, cmd_entropy=0.9",parent_child_rarity,test,alert,EP-36746677de
2026-08-10 06:20:16.335000+00:00,auditd,asus-x415ja,hala-hamza,,pool-evince,connected-to,27.166824,8.669546602707712,1,3.134,high,"parent_child_rarity=34.1, cmd_entropy=0.9, cmd_length_log=0.6",parent_child_rarity,test,alert,EP-36746677de
2026-08-10 06:20:16.531000+00:00,auditd,asus-x415ja,hala-hamza,,evince,connected-to,9.929603,8.669546602707712,1,1.145,low,"parent_child_rarity=16.7, proc_rarity=2.3, cmd_entropy=0.9",parent_child_rarity,test,alert,EP-36746677de
2026-08-10 06:20:16.940000+00:00,auditd,asus-x415ja,hala-hamza,,evinced,executed,15.809062,8.669546602707712,1,1.824,medium,"exe_path_rarity=22.2, proc_rarity=17.2, parent_child_rarity=0.4",exe_path_rarity,test,alert,EP-36746677de
2026-08-10 06:20:16.952000+00:00,auditd,asus-x415ja,hala-hamza,,evinced,connected-to,10.121275,8.669546602707712,1,1.167,low,"exe_path_rarity=16.2, proc_rarity=12.4, parent_child_rarity=0.5",exe_path_rarity,test,alert,EP-36746677de
2026-08-10 06:21:20.056000+00:00,auditd,asus-x415ja,hala-hamza,,gio-launch-desk,executed,27.665442,8.669546602707712,1,3.191,high,"parent_child_rarity=34.6, cmd_entropy=3.8, cmd_length_log=3.6",parent_child_rarity,test,alert,EP-36746677de
2026-08-10 06:21:20.063000+00:00,auditd,asus-x415ja,hala-hamza,,gio-launch-desk,connected-to,10.181653,8.669546602707712,1,1.174,low,"parent_child_rarity=17.0, cmd_entropy=3.3, cmd_length_log=2.0",parent_child_rarity,test,alert,EP-36746677de
2026-08-10 06:21:20.129000+00:00,auditd,asus-x415ja,hala-hamza,,pool-evince,connected-to,10.129618,8.669546602707712,1,1.168,low,"parent_child_rarity=16.9, proc_rarity=0.5, cmd_length_log=0.4",parent_child_rarity,test,alert,EP-36746677de
2026-08-10 06:21:54.891000+00:00,auditd,asus-x415ja,hala-hamza,,pool-org.gnome.,executed,27.104317,8.669546602707712,1,3.126,high,"parent_child_rarity=34.0, arg_count=3.8, cmd_entropy=1.5",parent_child_rarity,test,alert,EP-36746677de
2026-08-10 06:21:54.891000+00:00,auditd,asus-x415ja,hala-hamza,,pool-org.gnome.,executed,9.995472,8.669546602707712,1,1.153,low,"parent_child_rarity=16.8, arg_count=2.5, cmd_entropy=0.9",parent_child_rarity,test,alert,EP-36746677de
2026-08-10 06:21:54.891000+00:00,auditd,asus-x415ja,hala-hamza,,bwrap,executed,27.635326,8.669546602707712,1,3.188,high,"parent_child_rarity=34.5, arg_count=13.5, cmd_length_log=9.2",parent_child_rarity,test,alert,EP-36746677de
2026-08-10 06:21:54.898000+00:00,auditd,asus-x415ja,hala-hamza,,bwrap,executed,10.52667,8.669546602707712,1,1.214,low,"parent_child_rarity=16.7, arg_count=10.9, cmd_length_log=9.8",parent_child_rarity,test,alert,EP-36746677de
2026-08-10 06:21:54.908000+00:00,auditd,asus-x415ja,hala-hamza,,bwrap,bound-socket,9.99374,8.669546602707712,1,1.153,low,"parent_child_rarity=16.8, event_type_seq=2.0, cmd_length_log=1.0",parent_child_rarity,test,alert,EP-36746677de
2026-08-10 06:21:54.913000+00:00,auditd,asus-x415ja,hala-hamza,,evince-thumbnai,executed,27.20426,8.669546602707712,1,3.138,high,"exe_path_rarity=33.9, proc_rarity=26.5, parent_child_rarity=16.8",exe_path_rarity,test,alert,EP-36746677de
2026-08-10 06:21:54.920000+00:00,auditd,asus-x415ja,hala-hamza,,evince-thumbnai,executed,16.260641,8.669546602707712,1,1.876,medium,"exe_path_rarity=22.6, proc_rarity=17.6, parent_child_rarity=11.2",exe_path_rarity,test,alert,EP-36746677de
2026-08-10 06:21:54.936000+00:00,auditd,asus-x415ja,hala-hamza,,evince-thumbnai,executed,10.81503,8.669546602707712,1,1.247,low,"exe_path_rarity=16.7, proc_rarity=13.0, parent_child_rarity=8.2",exe_path_rarity,test,alert,EP-36746677de
2026-08-10 06:39:21.128000+00:00,auditd,asus-x415ja,root,,sh,executed,27.656994,8.669546602707712,1,3.19,high,"parent_child_rarity=34.6, arg_count=7.1, cmd_length_log=4.9",parent_child_rarity,test,alert,EP-6f8adbd38a
2026-08-10 06:39:21.132000+00:00,auditd,asus-x415ja,root,,bash,executed,27.496687,8.669546602707712,1,3.172,high,"parent_child_rarity=34.4, arg_count=5.1, cmd_length_log=4.1",parent_child_rarity,test,alert,EP-6f8adbd38a
2026-08-10 06:39:21.141000+00:00,auditd,asus-x415ja,root,,seq,executed,11.056724,8.669546602707712,1,1.275,low,"parent_child_rarity=16.9, exe_path_rarity=13.2, proc_rarity=10.2",parent_child_rarity,test,alert,EP-6f8adbd38a
2026-08-10 06:39:37.466000+00:00,auditd,asus-x415ja,root,,sh,executed,10.158446,8.669546602707712,1,1.172,low,"parent_child_rarity=16.9, arg_count=3.6, cmd_entropy=1.0",parent_child_rarity,test,alert,EP-6f8adbd38a
2026-08-10 06:39:37.517000+00:00,auditd,asus-x415ja,root,,bash,executed,10.03992,8.669546602707712,1,1.158,low,"parent_child_rarity=16.8, arg_count=1.5, exe_path_rarity=0.3",parent_child_rarity,test,alert,EP-6f8adbd38a
2026-08-10 06:39:37.568000+00:00,auditd,asus-x415ja,root,,ps,executed,27.437784,8.669546602707712,1,3.165,high,"parent_child_rarity=34.3, cmd_length_log=4.4, cmd_entropy=3.6",parent_child_rarity,test,alert,EP-6f8adbd38a
2026-08-10 06:39:37.644000+00:00,auditd,asus-x415ja,root,,ps,connected-to,9.884615,8.669546602707712,1,1.14,low,"parent_child_rarity=16.7, cmd_entropy=1.7, cmd_length_log=1.5",parent_child_rarity,test,alert,EP-6f8adbd38a
2026-08-10 06:39:38.737000+00:00,auditd,asus-x415ja,root,,free,executed,45.179855,8.669546602707712,1,5.211,high,"proc_rarity=50.0, exe_path_rarity=50.0, parent_child_rarity=34.4",proc_rarity,test,alert,EP-6f8adbd38a
2026-08-10 06:39:38.747000+00:00,auditd,asus-x415ja,root,,df,executed,16.175726,8.669546602707712,1,1.866,medium,"exe_path_rarity=22.5, proc_rarity=17.6, parent_child_rarity=11.1",exe_path_rarity,test,alert,EP-6f8adbd38a
2026-08-10 06:39:38.751000+00:00,auditd,asus-x415ja,root,,uptime,executed,45.180023,8.669546602707712,1,5.211,high,"proc_rarity=50.0, exe_path_rarity=50.0, parent_child_rarity=34.4",proc_rarity,test,alert,EP-6f8adbd38a
2026-08-10 06:39:40.761000+00:00,auditd,asus-x415ja,root,,find,executed,27.35838,8.669546602707712,1,3.156,high,"parent_child_rarity=34.3, arg_count=0.7, cmd_entropy=0.4",parent_child_rarity,test,alert,EP-6f8adbd38a
2026-08-10 06:45:12.149000+00:00,auditd,asus-x415ja,root,,useradd,executed,27.607405,8.669546602707712,1,3.184,high,"parent_child_rarity=34.5, arg_count=2.8, cmd_entropy=1.7",parent_child_rarity,test,alert,EP-0c02a5c665
2026-08-10 06:45:12.156000+00:00,auditd,asus-x415ja,root,,useradd,opened-file,9.831356,8.669546602707712,1,1.134,low,"parent_child_rarity=16.6, event_type_seq=5.1, cmd_entropy=0.8",parent_child_rarity,test,alert,EP-0c02a5c665
2026-08-10 06:45:12.174000+00:00,auditd,asus-x415ja,root,,useradd,renamed,43.159878,8.669546602707712,1,4.978,high,"syscall_rarity=50.0, event_type_seq=38.7, parent_child_rarity=1.1",syscall_rarity,test,alert,EP-0c02a5c665
2026-08-10 06:45:12.179000+00:00,auditd,asus-x415ja,root,,useradd,renamed,43.3608,8.669546602707712,1,5.002,high,"syscall_rarity=50.0, event_type_seq=43.1, parent_child_rarity=0.8",syscall_rarity,test,alert,EP-0c02a5c665
2026-08-10 06:45:12.192000+00:00,auditd,asus-x415ja,root,,usermod,executed,45.179188,8.669546602707712,1,5.211,high,"proc_rarity=50.0, exe_path_rarity=50.0, parent_child_rarity=34.1",proc_rarity,test,alert,EP-0c02a5c665
2026-08-10 06:45:12.193000+00:00,auditd,asus-x415ja,root,,usermod,connected-to,26.760159,8.669546602707712,1,3.087,high,"exe_path_rarity=33.4, proc_rarity=25.9, parent_child_rarity=16.5",exe_path_rarity,test,alert,EP-0c02a5c665
2026-08-10 06:45:12.193000+00:00,auditd,asus-x415ja,root,,usermod,opened-file,16.017994,8.669546602707712,1,1.848,medium,"exe_path_rarity=22.3, proc_rarity=17.4, parent_child_rarity=11.0",exe_path_rarity,test,alert,EP-0c02a5c665
2026-08-10 06:45:12.193000+00:00,auditd,asus-x415ja,root,,usermod,connected-to,10.45306,8.669546602707712,1,1.206,low,"exe_path_rarity=16.4, proc_rarity=12.7, parent_child_rarity=7.9",exe_path_rarity,test,alert,EP-0c02a5c665
2026-08-10 06:45:12.202000+00:00,auditd,asus-x415ja,hala-hamza,,,changed-password,18.914886,8.669546602707712,1,2.182,medium,"event_type_seq=25.8, exe_path_rarity=4.5, proc_rarity=3.3",event_type_seq,test,alert,EP-0c02a5c665
2026-08-10 06:45:12.202000+00:00,auditd,asus-x415ja,hala-hamza,,,changed-password,15.078556,8.669546602707712,1,1.739,medium,"event_type_seq=22.0, exe_path_rarity=4.0, proc_rarity=2.8",event_type_seq,test,alert,EP-0c02a5c665
2026-08-10 06:45:12.211000+00:00,auditd,asus-x415ja,root,,usermod,executed,27.522697,8.669546602707712,1,3.175,high,"parent_child_rarity=34.4, exe_path_rarity=2.7, proc_rarity=1.9",parent_child_rarity,test,alert,EP-0c02a5c665
2026-08-10 06:45:12.212000+00:00,auditd,asus-x415ja,root,,usermod,executed,10.036402,8.669546602707712,1,1.158,low,"parent_child_rarity=16.8, arg_count=2.8, exe_path_rarity=2.4",parent_child_rarity,test,alert,EP-0c02a5c665
2026-08-10 06:45:12.215000+00:00,auditd,asus-x415ja,root,,su,executed,45.179092,8.669546602707712,1,5.211,high,"proc_rarity=50.0, exe_path_rarity=50.0, parent_child_rarity=34.1",proc_rarity,test,alert,EP-0c02a5c665
2026-08-10 06:45:12.216000+00:00,auditd,asus-x415ja,root,,su,connected-to,27.25886,8.669546602707712,1,3.144,high,"exe_path_rarity=33.9, proc_rarity=26.6, parent_child_rarity=16.9",exe_path_rarity,test,alert,EP-0c02a5c665
2026-08-10 06:45:12.216000+00:00,auditd,asus-x415ja,root,,su,opened-file,16.24153,8.669546602707712,1,1.873,medium,"exe_path_rarity=22.5, proc_rarity=17.6, parent_child_rarity=11.2",exe_path_rarity,test,alert,EP-0c02a5c665
2026-08-10 06:45:12.216000+00:00,auditd,asus-x415ja,root,,su,opened-file,10.746771,8.669546602707712,1,1.24,low,"exe_path_rarity=16.7, proc_rarity=13.0, parent_child_rarity=8.2",exe_path_rarity,test,alert,EP-0c02a5c665
2026-08-10 06:45:12.224000+00:00,auditd,asus-x415ja,,,bash,executed,27.610306,8.669546602707712,1,3.185,high,"parent_child_rarity=34.5, arg_count=2.3, cmd_length_log=1.4",parent_child_rarity,test,alert,EP-0c02a5c665
2026-08-10 06:45:12.225000+00:00,auditd,asus-x415ja,,,bash,opened-file,10.286644,8.669546602707712,1,1.187,low,"parent_child_rarity=17.1, event_type_seq=2.9, cmd_length_log=0.3",parent_child_rarity,test,alert,EP-0c02a5c665
2026-08-10 06:45:12.237000+00:00,auditd,asus-x415ja,,,whoami,executed,27.149847,8.669546602707712,1,3.132,high,"parent_child_rarity=34.1, cmd_length_log=3.6, cmd_entropy=3.4",parent_child_rarity,test,alert,EP-0c02a5c665
2026-08-10 06:45:12.238000+00:00,auditd,asus-x415ja,,,whoami,connected-to,9.920869,8.669546602707712,1,1.144,low,"parent_child_rarity=16.7, exe_path_rarity=1.2, proc_rarity=0.7",parent_child_rarity,test,alert,EP-0c02a5c665
2026-08-10 06:45:14.245000+00:00,auditd,asus-x415ja,root,,gpasswd,executed,45.18045,8.669546602707712,1,5.211,high,"proc_rarity=50.0, exe_path_rarity=50.0, parent_child_rarity=34.6",proc_rarity,test,alert,EP-0c02a5c665
2026-08-10 06:45:14.247000+00:00,auditd,asus-x415ja,root,,gpasswd,opened-file,27.519829,8.669546602707712,1,3.174,high,"exe_path_rarity=34.2, proc_rarity=26.8, parent_child_rarity=17.2",exe_path_rarity,test,alert,EP-0c02a5c665
2026-08-10 06:45:14.247000+00:00,auditd,asus-x415ja,root,,gpasswd,connected-to,16.428234,8.669546602707712,1,1.895,medium,"exe_path_rarity=22.7, proc_rarity=17.8, parent_child_rarity=11.3",exe_path_rarity,test,alert,EP-0c02a5c665
2026-08-10 06:45:14.247000+00:00,auditd,asus-x415ja,root,,gpasswd,connected-to,10.97485,8.669546602707712,1,1.266,low,"exe_path_rarity=16.9, proc_rarity=13.2, parent_child_rarity=8.4",exe_path_rarity,test,alert,EP-0c02a5c665
2026-08-10 06:45:14.263000+00:00,auditd,asus-x415ja,root,,gpasswd,executed,27.283213,8.669546602707712,1,3.147,high,"parent_child_rarity=34.2, exe_path_rarity=3.8, proc_rarity=2.7",parent_child_rarity,test,alert,EP-0c02a5c665
2026-08-10 06:45:14.263000+00:00,auditd,asus-x415ja,root,,gpasswd,executed,9.84493,8.669546602707712,1,1.136,low,"parent_child_rarity=16.6, arg_count=4.0, exe_path_rarity=3.3",parent_child_rarity,test,alert,EP-0c02a5c665
2026-08-10 06:45:14.267000+00:00,auditd,asus-x415ja,root,,userdel,opened-file,27.260338,8.669546602707712,1,3.144,high,"parent_child_rarity=34.2, event_type_seq=3.8, cmd_entropy=0.6",parent_child_rarity,test,alert,EP-0c02a5c665
2026-08-10 06:45:14.273000+00:00,auditd,asus-x415ja,root,,userdel,opened-file,9.848766,8.669546602707712,1,1.136,low,"parent_child_rarity=16.6, event_type_seq=2.5, cmd_entropy=1.2",parent_child_rarity,test,alert,EP-0c02a5c665
2026-08-10 06:45:14.294000+00:00,auditd,asus-x415ja,hala-hamza,,,deleted-user-account,11.790905,8.669546602707712,1,1.36,low,"event_type_seq=18.6, syscall_rarity=0.5, cmd_entropy=0.4",event_type_seq,test,alert,EP-0c02a5c665
2026-08-10 06:45:14.299000+00:00,auditd,asus-x415ja,root,,userdel,renamed,43.82737,8.669546602707712,1,5.055,high,"event_type_seq=49.8, syscall_rarity=46.7, parent_child_rarity=1.3",event_type_seq,test,alert,EP-0c02a5c665
2026-08-10 06:45:14.302000+00:00,auditd,asus-x415ja,root,,userdel,renamed,37.461067,8.669546602707712,1,4.321,high,"syscall_rarity=43.7, event_type_seq=39.7, parent_child_rarity=1.1",syscall_rarity,test,alert,EP-0c02a5c665
2026-08-10 06:45:14.316000+00:00,auditd,asus-x415ja,root,,cat,executed,9.879886,8.669546602707712,1,1.14,low,"parent_child_rarity=16.7, cmd_entropy=0.6, proc_rarity=0.5",parent_child_rarity,test,alert,EP-0c02a5c665
2026-08-10 06:45:14.856000+00:00,auditd,asus-x415ja,root,,stat,executed,27.27418,8.669546602707712,1,3.146,high,"parent_child_rarity=34.2, exe_path_rarity=6.8, proc_rarity=5.1",parent_child_rarity,test,alert,EP-0c02a5c665
2026-08-10 06:45:14.860000+00:00,auditd,asus-x415ja,root,,stat,connected-to,10.232753,8.669546602707712,1,1.18,low,"parent_child_rarity=16.9, exe_path_rarity=6.1, proc_rarity=4.6",parent_child_rarity,test,alert,EP-0c02a5c665
2026-08-10 06:45:16.832000+00:00,auditd,asus-x415ja,root,,sort,executed,27.248657,8.669546602707712,1,3.143,high,"parent_child_rarity=34.2, cmd_length_log=1.7, cmd_entropy=1.1",parent_child_rarity,test,alert,EP-0c02a5c665
2026-08-10 06:45:16.833000+00:00,auditd,asus-x415ja,root,,sort,opened-file,10.048048,8.669546602707712,1,1.159,low,"parent_child_rarity=16.8, event_type_seq=5.6, cmd_entropy=0.8",parent_child_rarity,test,alert,EP-0c02a5c665
2026-08-10 06:50:47.562000+00:00,auditd,asus-x415ja,root,,cp,executed,27.232079,8.669546602707712,1,3.141,high,"parent_child_rarity=34.1, arg_count=1.2, cmd_entropy=0.7",parent_child_rarity,test,alert,EP-6338f848db
2026-08-10 06:50:47.566000+00:00,auditd,asus-x415ja,root,,chmod,changed-file-permissions-of,27.419695,8.669546602707712,1,3.163,high,"parent_child_rarity=34.3, syscall_rarity=4.5, event_type_seq=2.2",parent_child_rarity,test,alert,EP-6338f848db
2026-08-10 06:50:47.572000+00:00,auditd,asus-x415ja,root,,zqx1ff6747b,executed,45.042183,8.669546602707712,1,5.195,high,"exe_path_rarity=49.9, proc_rarity=49.8, parent_child_rarity=34.0",exe_path_rarity,test,alert,EP-6338f848db
2026-08-10 06:50:47.574000+00:00,auditd,asus-x415ja,root,,zqx1ff6747b,executed,26.818707,8.669546602707712,1,3.093,high,"exe_path_rarity=33.5, proc_rarity=26.1, parent_child_rarity=16.5",exe_path_rarity,test,alert,EP-6338f848db
2026-08-10 06:50:47.577000+00:00,auditd,asus-x415ja,root,,zqx1ff6747b,executed,16.012596,8.669546602707712,1,1.847,medium,"exe_path_rarity=22.3, proc_rarity=17.4, parent_child_rarity=11.0",exe_path_rarity,test,alert,EP-6338f848db
2026-08-10 06:50:47.579000+00:00,auditd,asus-x415ja,root,,zqx1ff6747b,executed,10.759769,8.669546602707712,1,1.241,low,"exe_path_rarity=16.7, proc_rarity=13.0, parent_child_rarity=8.2",exe_path_rarity,test,alert,EP-6338f848db
2026-08-10 06:50:49.600000+00:00,auditd,asus-x415ja,root,,rm,executed,27.628822,8.669546602707712,1,3.187,high,"parent_child_rarity=34.5, cmd_entropy=1.4",parent_child_rarity,test,alert,EP-6338f848db
2026-08-10 06:50:49.607000+00:00,auditd,asus-x415ja,root,,free,executed,27.423054,8.669546602707712,1,3.163,high,"exe_path_rarity=34.1, proc_rarity=26.8, parent_child_rarity=17.0",exe_path_rarity,test,alert,EP-6338f848db
2026-08-10 06:50:49.611000+00:00,auditd,asus-x415ja,root,,df,executed,10.938684,8.669546602707712,1,1.262,low,"exe_path_rarity=16.8, proc_rarity=13.2, parent_child_rarity=8.4",exe_path_rarity,test,alert,EP-6338f848db
2026-08-10 06:50:49.615000+00:00,auditd,asus-x415ja,root,,uptime,executed,27.505741,8.669546602707712,1,3.173,high,"exe_path_rarity=34.2, proc_rarity=26.8, parent_child_rarity=17.0",exe_path_rarity,test,alert,EP-6338f848db
2026-08-10 06:50:52.220000+00:00,auditd,asus-x415ja,root,,uptime,executed,15.839988,8.669546602707712,1,1.827,medium,"exe_path_rarity=22.2, proc_rarity=17.2, parent_child_rarity=10.8",exe_path_rarity,test,alert,EP-6338f848db
2026-08-10 06:50:52.225000+00:00,auditd,asus-x415ja,root,,who,executed,45.18006,8.669546602707712,1,5.211,high,"proc_rarity=50.0, exe_path_rarity=50.0, parent_child_rarity=34.4",proc_rarity,test,alert,EP-6338f848db
2026-08-10 06:56:24.214000+00:00,auditd,asus-x415ja,root,,strace,executed,45.179756,8.669546602707712,1,5.211,high,"proc_rarity=50.0, exe_path_rarity=50.0, parent_child_rarity=34.3",proc_rarity,test,alert,EP-de4251fd91
2026-08-10 06:56:24.223000+00:00,auditd,asus-x415ja,root,,true,executed,27.572628,8.669546602707712,1,3.18,high,"parent_child_rarity=34.5, cmd_length_log=2.4, exe_path_rarity=1.8",parent_child_rarity,test,alert,EP-de4251fd91
2026-08-10 06:56:28.424000+00:00,auditd,asus-x415ja,root,,groups,connected-to,45.179955,8.669546602707712,1,5.211,high,"proc_rarity=50.0, exe_path_rarity=50.0, parent_child_rarity=34.4",proc_rarity,test,alert,EP-de4251fd91
2026-08-10 06:56:28.424000+00:00,auditd,asus-x415ja,root,,groups,executed,27.047333,8.669546602707712,1,3.12,high,"exe_path_rarity=33.7, proc_rarity=26.3, parent_child_rarity=16.6",exe_path_rarity,test,alert,EP-de4251fd91
2026-08-10 06:56:28.424000+00:00,auditd,asus-x415ja,root,,groups,connected-to,15.689654,8.669546602707712,1,1.81,medium,"exe_path_rarity=22.0, proc_rarity=17.0, parent_child_rarity=10.7",exe_path_rarity,test,alert,EP-de4251fd91
2026-08-10 06:56:29.024000+00:00,auditd,asus-x415ja,root,,ss,executed,44.955482,8.669546602707712,1,5.185,high,"exe_path_rarity=49.8, proc_rarity=49.7, parent_child_rarity=33.9",exe_path_rarity,test,alert,EP-de4251fd91
2026-08-10 06:56:29.025000+00:00,auditd,asus-x415ja,root,,ss,bound-socket,26.885662,8.669546602707712,1,3.101,high,"exe_path_rarity=33.5, proc_rarity=26.1, parent_child_rarity=16.6",exe_path_rarity,test,alert,EP-de4251fd91
2026-08-10 06:56:29.042000+00:00,auditd,asus-x415ja,root,,ss,bound-socket,16.102821,8.669546602707712,1,1.857,medium,"exe_path_rarity=22.4, proc_rarity=17.5, parent_child_rarity=11.0",exe_path_rarity,test,alert,EP-de4251fd91
2026-08-10 07:02:00.151000+00:00,auditd,asus-x415ja,root,,insmod,executed,43.10938,8.669546602707712,1,4.973,high,"proc_rarity=50.0, parent_child_rarity=34.5, exe_path_rarity=11.0",proc_rarity,test,alert,EP-eef654533c
2026-08-10 07:02:04.916000+00:00,auditd,asus-x415ja,root,,groups,executed,10.064862,8.669546602707712,1,1.161,low,"exe_path_rarity=16.0, proc_rarity=12.1, parent_child_rarity=7.5",exe_path_rarity,test,alert,EP-eef654533c
2026-08-10 07:02:05.500000+00:00,auditd,asus-x415ja,root,,wc,executed,27.085945,8.669546602707712,1,3.124,high,"parent_child_rarity=34.0, exe_path_rarity=10.4, proc_rarity=7.9",parent_child_rarity,test,alert,EP-eef654533c
2026-08-10 07:07:36.836000+00:00,auditd,asus-x415ja,root,,cp,executed,10.295385,8.669546602707712,1,1.188,low,"parent_child_rarity=17.1, cmd_entropy=1.7, cmd_length_log=0.6",parent_child_rarity,test,alert,EP-78c628e751
2026-08-10 07:07:36.842000+00:00,auditd,asus-x415ja,root,,setcap,executed,45.10352,8.669546602707712,1,5.203,high,"exe_path_rarity=49.9, proc_rarity=49.9, parent_child_rarity=34.0",exe_path_rarity,test,alert,EP-78c628e751
2026-08-10 07:07:36.845000+00:00,auditd,asus-x415ja,root,,getcap,executed,45.17983,8.669546602707712,1,5.211,high,"proc_rarity=50.0, exe_path_rarity=50.0, parent_child_rarity=34.4",proc_rarity,test,alert,EP-78c628e751
2026-08-10 07:07:38.848000+00:00,auditd,asus-x415ja,root,,rm,executed,10.223994,8.669546602707712,1,1.179,low,"parent_child_rarity=17.0, cmd_entropy=1.3, arg_count=0.1",parent_child_rarity,test,alert,EP-78c628e751
2026-08-10 07:07:38.854000+00:00,auditd,asus-x415ja,root,,ss,executed,10.93396,8.669546602707712,1,1.261,low,"exe_path_rarity=16.8, proc_rarity=13.2, parent_child_rarity=8.4",exe_path_rarity,test,alert,EP-78c628e751
2026-08-10 07:07:39.943000+00:00,auditd,asus-x415ja,root,,find,executed,10.12468,8.669546602707712,1,1.168,low,"parent_child_rarity=16.9, arg_count=1.3, cmd_entropy=0.6",parent_child_rarity,test,alert,EP-78c628e751
2026-08-10 07:07:40.516000+00:00,auditd,asus-x415ja,root,,du,executed,45.180145,8.669546602707712,1,5.211,high,"proc_rarity=50.0, exe_path_rarity=50.0, parent_child_rarity=34.5",proc_rarity,test,alert,EP-78c628e751
2026-08-10 07:13:13.207000+00:00,auditd,asus-x415ja,root,,stat,executed,27.404781,8.669546602707712,1,3.161,high,"parent_child_rarity=34.3, arg_count=1.0, cmd_length_log=0.8",parent_child_rarity,test,alert,EP-9b43104acd
2026-08-10 07:13:13.208000+00:00,auditd,asus-x415ja,root,,stat,connected-to,9.9419775,8.669546602707712,1,1.147,low,"parent_child_rarity=16.7, cmd_entropy=1.1, cmd_length_log=0.8",parent_child_rarity,test,alert,EP-9b43104acd
2026-08-10 07:18:48.692000+00:00,auditd,asus-x415ja,root,,logger,executed,27.463123,8.669546602707712,1,3.168,high,"parent_child_rarity=34.4, cmd_entropy=0.5, arg_count=0.4",parent_child_rarity,test,alert,EP-0750f1a308
2026-08-10 07:18:48.695000+00:00,auditd,asus-x415ja,root,,logger,connected-to,10.040295,8.669546602707712,1,1.158,low,"parent_child_rarity=16.8, proc_rarity=0.5, cmd_length_log=0.4",parent_child_rarity,test,alert,EP-0750f1a308
2026-08-10 07:18:51.230000+00:00,auditd,asus-x415ja,root,,free,executed,16.3303,8.669546602707712,1,1.884,medium,"exe_path_rarity=22.6, proc_rarity=17.8, parent_child_rarity=11.3",exe_path_rarity,test,alert,EP-0750f1a308
2026-08-10 07:18:51.240000+00:00,auditd,asus-x415ja,root,,uptime,executed,10.951558,8.669546602707712,1,1.263,low,"exe_path_rarity=16.9, proc_rarity=13.2, parent_child_rarity=8.3",exe_path_rarity,test,alert,EP-0750f1a308
2026-08-10 07:18:53.596000+00:00,auditd,asus-x415ja,root,,who,executed,27.404097,8.669546602707712,1,3.161,high,"exe_path_rarity=34.1, proc_rarity=26.7, parent_child_rarity=17.0",exe_path_rarity,test,alert,EP-0750f1a308
2026-08-10 07:18:54.637000+00:00,auditd,asus-x415ja,root,,du,executed,27.183945,8.669546602707712,1,3.136,high,"exe_path_rarity=33.8, proc_rarity=26.5, parent_child_rarity=16.8",exe_path_rarity,test,alert,EP-0750f1a308
2026-08-10 07:24:29.996000+00:00,auditd,asus-x415ja,root,,du,executed,15.576654,8.669546602707712,1,1.797,medium,"exe_path_rarity=21.9, proc_rarity=16.9, parent_child_rarity=10.6",exe_path_rarity,test,alert,EP-a0171731ca
2026-08-10 07:30:11.670000+00:00,auditd,asus-x415ja,root,,env,executed,27.477919,8.669546602707712,1,3.169,high,"parent_child_rarity=34.4, cmd_entropy=7.7, cmd_length_log=6.4",parent_child_rarity,test,alert,EP-bab4754c26
2026-08-10 07:35:42.576000+00:00,auditd,asus-x415ja,root,,chmod,executed,9.577759,8.669546602707712,1,1.105,low,"parent_child_rarity=16.4, proc_rarity=0.7, exe_path_rarity=0.6",parent_child_rarity,test,alert,EP-20d939777d
2026-08-10 07:35:42.583000+00:00,auditd,asus-x415ja,root,,sentinel_shm_1f,executed,44.879627,8.669546602707712,1,5.177,high,"exe_path_rarity=49.7, proc_rarity=49.7, parent_child_rarity=33.8",exe_path_rarity,test,alert,EP-20d939777d
2026-08-10 07:35:42.584000+00:00,auditd,asus-x415ja,root,,sentinel_shm_1f,executed,26.611614,8.669546602707712,1,3.07,high,"exe_path_rarity=33.3, proc_rarity=25.9, parent_child_rarity=16.3",exe_path_rarity,test,alert,EP-20d939777d
2026-08-10 07:35:42.585000+00:00,auditd,asus-x415ja,root,,sentinel_shm_1f,executed,15.473141,8.669546602707712,1,1.785,medium,"exe_path_rarity=21.8, proc_rarity=16.8, parent_child_rarity=10.5",exe_path_rarity,test,alert,EP-20d939777d
2026-08-10 07:35:42.585000+00:00,auditd,asus-x415ja,root,,sentinel_shm_1f,executed,10.071598,8.669546602707712,1,1.162,low,"exe_path_rarity=16.0, proc_rarity=12.3, parent_child_rarity=7.6",exe_path_rarity,test,alert,EP-20d939777d
2026-08-10 07:35:45.998000+00:00,auditd,asus-x415ja,root,,free,executed,10.454626,8.669546602707712,1,1.206,low,"exe_path_rarity=16.4, proc_rarity=12.6, parent_child_rarity=7.9",exe_path_rarity,test,alert,EP-20d939777d
2026-08-10 07:41:18.675000+00:00,auditd,asus-x415ja,root,,sentinel_vb_1ff,executed,45.179337,8.669546602707712,1,5.211,high,"proc_rarity=50.0, exe_path_rarity=50.0, parent_child_rarity=34.2",proc_rarity,test,alert,EP-48cb1b9ca9
2026-08-10 07:46:54.553000+00:00,auditd,asus-x415ja,root,,sh,executed,10.346083,8.669546602707712,1,1.193,low,"arg_count=16.9, cmd_length_log=8.0, inter_arrival_log=6.8",arg_count,test,alert,EP-e579305e5f
2026-08-10 07:46:54.554000+00:00,auditd,asus-x415ja,root,,true,executed,9.520012,8.669546602707712,1,1.098,low,"arg_count=16.1, cmd_length_log=7.9, parent_child_rarity=3.6",arg_count,test,alert,EP-e579305e5f
2026-08-10 07:46:56.569000+00:00,auditd,asus-x415ja,root,,who,executed,16.426176,8.669546602707712,1,1.895,medium,"exe_path_rarity=22.7, proc_rarity=17.8, parent_child_rarity=11.3",exe_path_rarity,test,alert,EP-e579305e5f
2026-08-10 07:58:07.264000+00:00,auditd,asus-x415ja,root,,q1ff6747b,executed,45.026787,8.669546602707712,1,5.194,high,"exe_path_rarity=49.9, proc_rarity=49.8, parent_child_rarity=33.9",exe_path_rarity,test,alert,EP-6b03a6f0b4
2026-08-10 07:58:07.266000+00:00,auditd,asus-x415ja,root,,env,executed,26.977499,8.669546602707712,1,3.112,high,"parent_child_rarity=33.9, cmd_entropy=1.5, cmd_length_log=1.3",parent_child_rarity,test,alert,EP-6b03a6f0b4
2026-08-10 07:58:07.267000+00:00,auditd,asus-x415ja,root,,true,executed,26.936504,8.669546602707712,1,3.107,high,"parent_child_rarity=33.8, cmd_entropy=6.3, cmd_length_log=5.6",parent_child_rarity,test,alert,EP-6b03a6f0b4
2026-08-10 07:58:07.267000+00:00,auditd,asus-x415ja,root,,env,executed,9.664525,8.669546602707712,1,1.115,low,"parent_child_rarity=16.4, arg_count=4.3, cmd_entropy=3.0",parent_child_rarity,test,alert,EP-6b03a6f0b4
2026-08-10 14:59:11.737000+00:00,auditd,asus-x415ja,root,,(udev-worker),changed-file-permissions-of,13.885132,8.669546602707712,1,1.602,medium,"inter_arrival_log=20.8, event_type_seq=0.8, syscall_rarity=0.5",inter_arrival_log,test,alert,EP-55f63eb87a
2026-08-10 23:56:55.714000+00:00,auditd,asus-x415ja,hala-hamza,,(snap),connected-to,14.008684,8.669546602707712,1,1.616,medium,"inter_arrival_log=20.9, cmd_entropy=0.7, cmd_length_log=0.3",inter_arrival_log,test,alert,EP-964b7c3c1c
2026-08-10 23:56:55.824000+00:00,auditd,asus-x415ja,root,,(b-backup),connected-to,11.028602,8.669546602707712,1,1.272,low,"proc_rarity=17.9, cmd_entropy=1.0, cmd_length_log=0.4",proc_rarity,test,alert,EP-964b7c3c1c
2026-08-10 23:56:55.824000+00:00,auditd,asus-x415ja,root,,(sa2),connected-to,11.051568,8.669546602707712,1,1.275,low,"proc_rarity=17.9, cmd_entropy=1.0, cmd_length_log=0.4",proc_rarity,test,alert,EP-964b7c3c1c
2026-08-10 23:56:55.825000+00:00,auditd,asus-x415ja,root,,dpkg-db-backup,executed,10.597636,8.669546602707712,1,1.222,low,"proc_rarity=17.4, exe_path_rarity=0.3, cmd_entropy=0.3",proc_rarity,test,alert,EP-964b7c3c1c
2026-08-10 23:56:55.832000+00:00,auditd,asus-x415ja,root,,date,executed,9.559516,8.669546602707712,1,1.103,low,"parent_child_rarity=16.3, cmd_entropy=1.3, proc_rarity=0.6",parent_child_rarity,test,alert,EP-964b7c3c1c
2026-08-10 23:56:55.838000+00:00,auditd,asus-x415ja,root,,sar.sysstat,executed,27.073565,8.669546602707712,1,3.123,high,"exe_path_rarity=33.7, proc_rarity=26.3, parent_child_rarity=16.7",exe_path_rarity,test,alert,EP-964b7c3c1c
2026-08-13 02:34:54.761000+00:00,auditd,asus-x415ja,,,,changed-audit-configuration,13.887845,8.669546602707712,1,1.602,medium,"inter_arrival_log=20.6, cmd_entropy=10.3, cmd_length_log=8.5",inter_arrival_log,test,alert,EP-d86752581d
2026-08-13 02:35:10.859000+00:00,auditd,asus-x415ja,hala-hamza,,codex,executed,43.092247,8.669546602707712,1,4.971,high,"exe_path_rarity=50.0, cmd_length_log=4.3, cmd_entropy=3.2",exe_path_rarity,test,alert,EP-d86752581d
2026-08-13 02:35:10.901000+00:00,auditd,asus-x415ja,hala-hamza,,codex,changed-file-permissions-of,27.317343,8.669546602707712,1,3.151,high,"exe_path_rarity=34.2, cmd_length_log=4.1, cmd_entropy=4.1",exe_path_rarity,test,alert,EP-d86752581d
2026-08-13 02:35:11.024000+00:00,auditd,asus-x415ja,hala-hamza,,codex-main,executed,15.341183,8.669546602707712,1,1.77,medium,"exe_path_rarity=22.2, cmd_length_log=3.3, cmd_entropy=2.7",exe_path_rarity,test,alert,EP-d86752581d
2026-08-13 02:35:11.024000+00:00,auditd,asus-x415ja,hala-hamza,,codex-main,executed,9.811903,8.669546602707712,1,1.132,low,"exe_path_rarity=16.6, cmd_length_log=3.5, cmd_entropy=3.1",exe_path_rarity,test,alert,EP-d86752581d
2026-08-13 02:35:44.818000+00:00,auditd,asus-x415ja,hala-hamza,,pool-check-new-,connected-to,10.618014,8.669546602707712,1,1.225,low,"parent_child_rarity=16.7, proc_rarity=12.8, cmd_length_log=0.4",parent_child_rarity,test,alert,EP-d86752581d
2026-08-13 02:38:01.460000+00:00,auditd,asus-x415ja,hala-hamza,,47616D6570616420706F6C6C696E67,bound-socket,43.092247,8.669546602707712,1,4.971,high,"proc_rarity=50.0, inter_arrival_log=0.5, syscall_rarity=0.0",proc_rarity,test,alert,EP-d86752581d
2026-08-13 02:41:28.844000+00:00,auditd,asus-x415ja,root,,xdelta3,executed,43.09231,8.669546602707712,1,4.971,high,"exe_path_rarity=50.0, proc_rarity=17.7, cmd_length_log=4.8",exe_path_rarity,test,alert,EP-d86752581d
2026-08-13 02:41:50.772000+00:00,auditd,asus-x415ja,root,,apparmor_parser,executed,43.09225,8.669546602707712,1,4.971,high,"exe_path_rarity=50.0, arg_count=7.4, cmd_length_log=7.2",exe_path_rarity,test,alert,EP-d86752581d
2026-08-13 02:41:50.779000+00:00,auditd,asus-x415ja,root,,apparmor_parser,violated-apparmor-policy,26.567759,8.669546602707712,1,3.064,high,"exe_path_rarity=33.5, event_type_seq=6.3, arg_count=2.5",exe_path_rarity,test,alert,EP-d86752581d
2026-08-13 02:41:50.783000+00:00,auditd,asus-x415ja,root,,apparmor_parser,executed,15.201019,8.669546602707712,1,1.753,medium,"exe_path_rarity=22.0, cmd_length_log=9.0, arg_count=8.7",exe_path_rarity,test,alert,EP-d86752581d
2026-08-13 02:41:51.297000+00:00,auditd,asus-x415ja,root,,apparmor_parser,violated-apparmor-policy,9.523508,8.669546602707712,1,1.099,low,"exe_path_rarity=16.3, event_type_seq=3.8, cmd_length_log=1.1",exe_path_rarity,test,alert,EP-d86752581d
2026-08-13 02:41:54.278000+00:00,auditd,asus-x415ja,root,,post-refresh,executed,10.685415,8.669546602707712,1,1.233,low,"proc_rarity=17.2, parent_child_rarity=10.8, arg_count=2.5",proc_rarity,test,alert,EP-d86752581d
2026-08-13 02:41:54.308000+00:00,auditd,asus-x415ja,root,,xargs,executed,9.679013,8.669546602707712,1,1.116,low,"parent_child_rarity=16.4, cmd_length_log=4.7, cmd_entropy=4.1",parent_child_rarity,test,alert,EP-d86752581d
2026-08-13 02:41:55.470000+00:00,auditd,asus-x415ja,root,,getent,opened-file,10.013508,8.669546602707712,1,1.155,low,"event_type_seq=16.8, syscall_rarity=0.4, cmd_length_log=0.1",event_type_seq,test,alert,EP-d86752581d
2026-08-13 02:41:55.539000+00:00,auditd,asus-x415ja,root,,fc-cache,executed,42.622246,8.669546602707712,1,4.916,high,"exe_path_rarity=49.5, proc_rarity=9.3, parent_child_rarity=7.4",exe_path_rarity,test,alert,EP-d86752581d
2026-08-13 19:01:44.796000+00:00,auditd,asus-x415ja,hala-hamza,,Chrome_IOThread,bound-socket,13.673652,8.669546602707712,1,1.577,medium,"inter_arrival_log=20.5, event_type_seq=2.2, proc_rarity=0.2",inter_arrival_log,test,alert,EP-ceceb87db7
2026-08-13 19:01:45.986000+00:00,auditd,asus-x415ja,systemd-resolve,,systemd-resolve,connected-to,46.38808,8.669546602707712,1,5.351,high,"proc_rarity=50.0, exe_path_rarity=50.0, user_rarity=50.0",proc_rarity,test,alert,EP-ceceb87db7
2026-08-13 19:01:45.986000+00:00,auditd,asus-x415ja,systemd-resolve,,systemd-resolve,connected-to,43.10984,8.669546602707712,1,4.973,high,"user_rarity=50.0, exe_path_rarity=34.3, proc_rarity=27.0",user_rarity,test,alert,EP-ceceb87db7
2026-08-13 19:01:46.151000+00:00,auditd,asus-x415ja,systemd-resolve,,systemd-resolve,connected-to,43.092655,8.669546602707712,1,4.971,high,"user_rarity=50.0, exe_path_rarity=22.8, proc_rarity=17.9",user_rarity,test,alert,EP-ceceb87db7
2026-08-13 19:02:18.474000+00:00,auditd,asus-x415ja,root,,(sd-bright),connected-to,43.092247,8.669546602707712,1,4.971,high,"exe_path_rarity=50.0, inter_arrival_log=3.2, cmd_entropy=1.8",exe_path_rarity,test,alert,EP-ceceb87db7
2026-08-13 19:02:18.489000+00:00,auditd,asus-x415ja,root,,systemd-udevd,bound-socket,43.092247,8.669546602707712,1,4.971,high,"proc_rarity=50.0, cmd_entropy=0.3, cmd_length_log=0.2",proc_rarity,test,alert,EP-ceceb87db7
2026-08-13 19:02:18.497000+00:00,auditd,asus-x415ja,root,,(udev-worker),changed-file-permissions-of,27.666882,8.669546602707712,1,3.191,high,"parent_child_rarity=34.6, event_type_seq=0.8, syscall_rarity=0.4",parent_child_rarity,test,alert,EP-ceceb87db7
2026-08-13 19:02:21.241000+00:00,auditd,asus-x415ja,systemd-resolve,,systemd-resolve,connected-to,43.092308,8.669546602707712,1,4.971,high,"user_rarity=50.0, exe_path_rarity=16.9, proc_rarity=13.2",user_rarity,test,alert,EP-ceceb87db7
2026-08-13 19:02:44.231000+00:00,auditd,asus-x415ja,systemd-timesync,,systemd-timesyn,bound-socket,46.38808,8.669546602707712,1,5.351,high,"proc_rarity=50.0, exe_path_rarity=50.0, user_rarity=50.0",proc_rarity,test,alert,EP-ceceb87db7
2026-08-13 19:02:45.956000+00:00,auditd,asus-x415ja,systemd-resolve,,systemd-resolve,connected-to,43.092266,8.669546602707712,1,4.971,high,"user_rarity=50.0, exe_path_rarity=13.6, proc_rarity=10.6",user_rarity,test,alert,EP-ceceb87db7
2026-08-13 19:02:51.624000+00:00,auditd,asus-x415ja,systemd-resolve,,systemd-resolve,connected-to,43.092255,8.669546602707712,1,4.971,high,"user_rarity=50.0, exe_path_rarity=11.3, proc_rarity=8.8",user_rarity,test,alert,EP-ceceb87db7
2026-08-13 19:02:51.625000+00:00,auditd,asus-x415ja,systemd-resolve,,systemd-resolve,connected-to,43.092255,8.669546602707712,1,4.971,high,"user_rarity=50.0, exe_path_rarity=9.6, proc_rarity=7.5",user_rarity,test,alert,EP-ceceb87db7
2026-08-13 19:02:51.774000+00:00,auditd,asus-x415ja,systemd-resolve,,systemd-resolve,connected-to,43.09225,8.669546602707712,1,4.971,high,"user_rarity=50.0, exe_path_rarity=8.4, proc_rarity=6.5",user_rarity,test,alert,EP-ceceb87db7
2026-08-13 19:03:03.824000+00:00,auditd,asus-x415ja,systemd-resolve,,systemd-resolve,connected-to,43.092247,8.669546602707712,1,4.971,high,"user_rarity=50.0, exe_path_rarity=7.4, proc_rarity=5.8",user_rarity,test,alert,EP-ceceb87db7
2026-08-13 19:03:03.913000+00:00,auditd,asus-x415ja,systemd-resolve,,systemd-resolve,connected-to,43.092247,8.669546602707712,1,4.971,high,"user_rarity=50.0, exe_path_rarity=6.7, proc_rarity=5.2",user_rarity,test,alert,EP-ceceb87db7
2026-08-13 19:03:03.913000+00:00,auditd,asus-x415ja,systemd-resolve,,systemd-resolve,connected-to,43.092247,8.669546602707712,1,4.971,high,"user_rarity=50.0, exe_path_rarity=6.0, proc_rarity=4.6",user_rarity,test,alert,EP-ceceb87db7
2026-08-13 19:03:10.723000+00:00,auditd,asus-x415ja,root,,(sd-bright),connected-to,27.516003,8.669546602707712,1,3.174,high,"exe_path_rarity=34.4, inter_arrival_log=2.1, cmd_entropy=1.7",exe_path_rarity,test,alert,EP-ceceb87db7
2026-08-13 19:03:10.730000+00:00,auditd,asus-x415ja,root,,systemd-udevd,bound-socket,20.160322,8.669546602707712,1,2.325,medium,"proc_rarity=27.1, cmd_length_log=0.5, cmd_entropy=0.1",proc_rarity,test,alert,EP-ceceb87db7
2026-08-13 19:03:10.733000+00:00,auditd,asus-x415ja,root,,(udev-worker),changed-file-permissions-of,10.237427,8.669546602707712,1,1.181,low,"parent_child_rarity=17.0, event_type_seq=1.7, syscall_rarity=0.3",parent_child_rarity,test,alert,EP-ceceb87db7
2026-08-13 19:03:25.875000+00:00,auditd,asus-x415ja,systemd-resolve,,systemd-resolve,connected-to,43.092247,8.669546602707712,1,4.971,high,"user_rarity=50.0, exe_path_rarity=5.5, proc_rarity=4.3",user_rarity,test,alert,EP-ceceb87db7
2026-08-13 19:03:25.876000+00:00,auditd,asus-x415ja,systemd-resolve,,systemd-resolve,connected-to,43.092247,8.669546602707712,1,4.971,high,"user_rarity=50.0, exe_path_rarity=5.0, proc_rarity=3.9",user_rarity,test,alert,EP-ceceb87db7
2026-08-13 19:03:38.497000+00:00,auditd,asus-x415ja,systemd-resolve,,systemd-resolve,connected-to,43.092247,8.669546602707712,1,4.971,high,"user_rarity=50.0, exe_path_rarity=4.7, proc_rarity=3.6",user_rarity,test,alert,EP-ceceb87db7
2026-08-13 19:03:45.873000+00:00,auditd,asus-x415ja,systemd-resolve,,systemd-resolve,connected-to,43.092247,8.669546602707712,1,4.971,high,"user_rarity=50.0, exe_path_rarity=4.3, proc_rarity=3.3",user_rarity,test,alert,EP-ceceb87db7
2026-08-13 19:03:45.873000+00:00,auditd,asus-x415ja,systemd-resolve,,systemd-resolve,connected-to,43.092247,8.669546602707712,1,4.971,high,"user_rarity=50.0, exe_path_rarity=4.0, proc_rarity=3.1",user_rarity,test,alert,EP-ceceb87db7
2026-08-13 19:03:45.925000+00:00,auditd,asus-x415ja,systemd-resolve,,systemd-resolve,connected-to,43.092247,8.669546602707712,1,4.971,high,"user_rarity=50.0, exe_path_rarity=3.8, proc_rarity=2.9",user_rarity,test,alert,EP-ceceb87db7
2026-08-13 19:03:51.239000+00:00,auditd,asus-x415ja,systemd-resolve,,systemd-resolve,connected-to,43.092247,8.669546602707712,1,4.971,high,"user_rarity=50.0, exe_path_rarity=3.6, proc_rarity=2.8",user_rarity,test,alert,EP-ceceb87db7
2026-08-13 19:04:00.197000+00:00,auditd,asus-x415ja,systemd-resolve,,systemd-resolve,connected-to,43.092247,8.669546602707712,1,4.971,high,"user_rarity=50.0, exe_path_rarity=3.4, proc_rarity=2.6",user_rarity,test,alert,EP-ceceb87db7
2026-08-13 19:04:00.197000+00:00,auditd,asus-x415ja,systemd-resolve,,systemd-resolve,connected-to,43.092247,8.669546602707712,1,4.971,high,"user_rarity=50.0, exe_path_rarity=3.2, proc_rarity=2.4",user_rarity,test,alert,EP-ceceb87db7
2026-08-13 19:04:00.242000+00:00,auditd,asus-x415ja,systemd-resolve,,systemd-resolve,connected-to,42.40322,8.669546602707712,1,4.891,high,"user_rarity=49.3, exe_path_rarity=3.0, proc_rarity=2.3",user_rarity,test,alert,EP-ceceb87db7
2026-08-13 19:04:00.243000+00:00,auditd,asus-x415ja,systemd-resolve,,systemd-resolve,connected-to,40.107746,8.669546602707712,1,4.626,high,"user_rarity=47.0, exe_path_rarity=2.9, proc_rarity=2.1",user_rarity,test,alert,EP-ceceb87db7
2026-08-13 19:04:00.340000+00:00,auditd,asus-x415ja,hala-hamza,,eog,changed-file-permissions-of,45.171688,8.669546602707712,1,5.21,high,"proc_rarity=50.0, exe_path_rarity=50.0, cmd_length_log=0.6",proc_rarity,test,alert,EP-ceceb87db7
2026-08-13 19:04:00.370000+00:00,auditd,asus-x415ja,systemd-resolve,,systemd-resolve,connected-to,37.972347,8.669546602707712,1,4.38,high,"user_rarity=44.9, exe_path_rarity=2.5, proc_rarity=1.9",user_rarity,test,alert,EP-ceceb87db7
2026-08-13 19:04:39.730000+00:00,auditd,asus-x415ja,systemd-resolve,,systemd-resolve,connected-to,36.170902,8.669546602707712,1,4.172,high,"user_rarity=43.1, exe_path_rarity=2.6, proc_rarity=2.0",user_rarity,test,alert,EP-ceceb87db7
2026-08-13 19:04:39.731000+00:00,auditd,asus-x415ja,systemd-resolve,,systemd-resolve,connected-to,34.464626,8.669546602707712,1,3.975,high,"user_rarity=41.4, exe_path_rarity=2.5, proc_rarity=1.9",user_rarity,test,alert,EP-ceceb87db7
2026-08-13 19:04:39.759000+00:00,auditd,asus-x415ja,systemd-resolve,,systemd-resolve,connected-to,32.864464,8.669546602707712,1,3.791,high,"user_rarity=39.8, exe_path_rarity=2.4, proc_rarity=1.8",user_rarity,test,alert,EP-ceceb87db7
2026-08-13 19:04:46.022000+00:00,auditd,asus-x415ja,systemd-resolve,,systemd-resolve,connected-to,31.352573,8.669546602707712,1,3.616,high,"user_rarity=38.3, exe_path_rarity=2.2, proc_rarity=1.7",user_rarity,test,alert,EP-ceceb87db7
2026-08-13 19:04:46.023000+00:00,auditd,asus-x415ja,systemd-resolve,,systemd-resolve,connected-to,29.997726,8.669546602707712,1,3.46,high,"user_rarity=36.9, exe_path_rarity=2.2, proc_rarity=1.6",user_rarity,test,alert,EP-ceceb87db7
2026-08-13 19:04:46.104000+00:00,auditd,asus-x415ja,systemd-resolve,,systemd-resolve,connected-to,28.722607,8.669546602707712,1,3.313,high,"user_rarity=35.6, exe_path_rarity=2.1, proc_rarity=1.6",user_rarity,test,alert,EP-ceceb87db7
2026-08-13 19:04:54.742000+00:00,auditd,asus-x415ja,systemd-resolve,,systemd-resolve,connected-to,27.533182,8.669546602707712,1,3.176,high,"user_rarity=34.4, exe_path_rarity=2.0, proc_rarity=1.5",user_rarity,test,alert,EP-ceceb87db7
2026-08-13 19:05:10.834000+00:00,auditd,asus-x415ja,systemd-resolve,,systemd-resolve,connected-to,26.405361,8.669546602707712,1,3.046,high,"user_rarity=33.3, exe_path_rarity=2.0, proc_rarity=1.5",user_rarity,test,alert,EP-ceceb87db7
2026-08-13 19:05:10.834000+00:00,auditd,asus-x415ja,systemd-resolve,,systemd-resolve,connected-to,25.38691,8.669546602707712,1,2.928,medium,"user_rarity=32.3, exe_path_rarity=1.9, proc_rarity=1.4",user_rarity,test,alert,EP-ceceb87db7
2026-08-13 19:05:29.015000+00:00,auditd,asus-x415ja,systemd-resolve,,systemd-resolve,connected-to,24.341888,8.669546602707712,1,2.808,medium,"user_rarity=31.2, exe_path_rarity=1.8, proc_rarity=1.3",user_rarity,test,alert,EP-ceceb87db7
2026-08-13 19:05:29.015000+00:00,auditd,asus-x415ja,systemd-resolve,,systemd-resolve,connected-to,23.44187,8.669546602707712,1,2.704,medium,"user_rarity=30.3, exe_path_rarity=1.7, proc_rarity=1.3",user_rarity,test,alert,EP-ceceb87db7
2026-08-13 19:05:29.086000+00:00,auditd,asus-x415ja,systemd-resolve,,systemd-resolve,connected-to,22.583853,8.669546602707712,1,2.605,medium,"user_rarity=29.5, exe_path_rarity=1.7, proc_rarity=1.3",user_rarity,test,alert,EP-ceceb87db7
2026-08-13 19:05:29.995000+00:00,auditd,asus-x415ja,systemd-resolve,,systemd-resolve,connected-to,21.722462,8.669546602707712,1,2.506,medium,"user_rarity=28.6, exe_path_rarity=1.6, proc_rarity=1.2",user_rarity,test,alert,EP-ceceb87db7
2026-08-13 19:05:29.995000+00:00,auditd,asus-x415ja,systemd-resolve,,systemd-resolve,connected-to,20.911648,8.669546602707712,1,2.412,medium,"user_rarity=27.8, exe_path_rarity=1.5, proc_rarity=1.1",user_rarity,test,alert,EP-ceceb87db7
2026-08-13 19:05:30.022000+00:00,auditd,asus-x415ja,systemd-resolve,,systemd-resolve,connected-to,20.214396,8.669546602707712,1,2.332,medium,"user_rarity=27.1, exe_path_rarity=1.5, proc_rarity=1.1",user_rarity,test,alert,EP-ceceb87db7
2026-08-13 19:05:30.027000+00:00,auditd,asus-x415ja,systemd-resolve,,systemd-resolve,connected-to,19.48542,8.669546602707712,1,2.248,medium,"user_rarity=26.4, exe_path_rarity=1.5, proc_rarity=1.1",user_rarity,test,alert,EP-ceceb87db7
2026-08-13 19:05:30.027000+00:00,auditd,asus-x415ja,systemd-resolve,,systemd-resolve,connected-to,18.841976,8.669546602707712,1,2.173,medium,"user_rarity=25.7, exe_path_rarity=1.5, proc_rarity=1.1",user_rarity,test,alert,EP-ceceb87db7
2026-08-13 19:05:30.054000+00:00,auditd,asus-x415ja,systemd-resolve,,systemd-resolve,connected-to,18.225584,8.669546602707712,1,2.102,medium,"user_rarity=25.1, exe_path_rarity=1.4, proc_rarity=1.0",user_rarity,test,alert,EP-ceceb87db7
2026-08-13 19:05:32.608000+00:00,auditd,asus-x415ja,systemd-resolve,,systemd-resolve,connected-to,17.59016,8.669546602707712,1,2.029,medium,"user_rarity=24.5, exe_path_rarity=1.3, proc_rarity=1.0",user_rarity,test,alert,EP-ceceb87db7
2026-08-13 19:05:32.608000+00:00,auditd,asus-x415ja,systemd-resolve,,systemd-resolve,connected-to,17.027164,8.669546602707712,1,1.964,medium,"user_rarity=23.9, exe_path_rarity=1.3, proc_rarity=0.9",user_rarity,test,alert,EP-ceceb87db7
2026-08-13 19:05:36.128000+00:00,auditd,asus-x415ja,systemd-resolve,,systemd-resolve,connected-to,16.491508,8.669546602707712,1,1.902,medium,"user_rarity=23.4, exe_path_rarity=1.2, proc_rarity=0.8",user_rarity,test,alert,EP-ceceb87db7
2026-08-13 19:05:43.964000+00:00,auditd,asus-x415ja,systemd-resolve,,systemd-resolve,connected-to,15.971777,8.669546602707712,1,1.842,medium,"user_rarity=22.9, exe_path_rarity=1.2, proc_rarity=0.9",user_rarity,test,alert,EP-ceceb87db7
2026-08-13 19:05:44.070000+00:00,auditd,asus-x415ja,systemd-resolve,,systemd-resolve,connected-to,15.456281,8.669546602707712,1,1.783,medium,"user_rarity=22.3, exe_path_rarity=1.2, proc_rarity=0.8",user_rarity,test,alert,EP-ceceb87db7
2026-08-13 19:05:45.299000+00:00,auditd,asus-x415ja,systemd-resolve,,systemd-resolve,connected-to,14.987473,8.669546602707712,1,1.729,medium,"user_rarity=21.9, cmd_entropy=3.6, cmd_length_log=3.2",user_rarity,test,alert,EP-ceceb87db7
2026-08-13 19:05:45.650000+00:00,auditd,asus-x415ja,systemd-resolve,,systemd-resolve,connected-to,14.349104,8.669546602707712,1,1.655,medium,"user_rarity=21.2, exe_path_rarity=0.7, cmd_length_log=0.4",user_rarity,test,alert,EP-ceceb87db7
2026-08-13 19:05:45.856000+00:00,auditd,asus-x415ja,systemd-resolve,,systemd-resolve,connected-to,14.086304,8.669546602707712,1,1.625,medium,"user_rarity=21.0, exe_path_rarity=1.1, proc_rarity=0.8",user_rarity,test,alert,EP-ceceb87db7
2026-08-13 19:05:45.859000+00:00,auditd,asus-x415ja,systemd-resolve,,systemd-resolve,connected-to,13.63224,8.669546602707712,1,1.572,medium,"user_rarity=20.5, exe_path_rarity=1.1, proc_rarity=0.8",user_rarity,test,alert,EP-ceceb87db7
2026-08-13 19:05:45.925000+00:00,auditd,asus-x415ja,systemd-resolve,,systemd-resolve,connected-to,13.253328,8.669546602707712,1,1.529,medium,"user_rarity=20.1, exe_path_rarity=1.0, proc_rarity=0.7",user_rarity,test,alert,EP-ceceb87db7
2026-08-13 19:05:45.926000+00:00,auditd,asus-x415ja,systemd-resolve,,systemd-resolve,connected-to,12.850756,8.669546602707712,1,1.482,low,"user_rarity=19.7, exe_path_rarity=1.0, proc_rarity=0.7",user_rarity,test,alert,EP-ceceb87db7
2026-08-13 19:05:46.031000+00:00,auditd,asus-x415ja,systemd-resolve,,systemd-resolve,connected-to,12.502006,8.669546602707712,1,1.442,low,"user_rarity=19.4, exe_path_rarity=1.0, proc_rarity=0.7",user_rarity,test,alert,EP-ceceb87db7
2026-08-13 19:05:46.998000+00:00,auditd,asus-x415ja,systemd-resolve,,systemd-resolve,connected-to,12.142823,8.669546602707712,1,1.401,low,"user_rarity=19.0, exe_path_rarity=1.0, cmd_entropy=0.8",user_rarity,test,alert,EP-ceceb87db7
2026-08-13 19:05:46.998000+00:00,auditd,asus-x415ja,systemd-resolve,,systemd-resolve,connected-to,11.808893,8.669546602707712,1,1.362,low,"user_rarity=18.7, exe_path_rarity=0.9, cmd_entropy=0.8",user_rarity,test,alert,EP-ceceb87db7
2026-08-13 19:05:47.416000+00:00,auditd,asus-x415ja,systemd-resolve,,systemd-resolve,connected-to,11.467058,8.669546602707712,1,1.323,low,"user_rarity=18.3, exe_path_rarity=1.0, cmd_entropy=0.8",user_rarity,test,alert,EP-ceceb87db7
2026-08-13 19:05:50.167000+00:00,auditd,asus-x415ja,systemd-resolve,,systemd-resolve,connected-to,11.180902,8.669546602707712,1,1.29,low,"user_rarity=18.0, exe_path_rarity=1.0, cmd_entropy=0.8",user_rarity,test,alert,EP-ceceb87db7
2026-08-13 19:05:50.167000+00:00,auditd,asus-x415ja,systemd-resolve,,systemd-resolve,connected-to,10.822252,8.669546602707712,1,1.248,low,"user_rarity=17.6, exe_path_rarity=0.9, cmd_entropy=0.8",user_rarity,test,alert,EP-ceceb87db7
2026-08-13 19:05:50.195000+00:00,auditd,asus-x415ja,systemd-resolve,,systemd-resolve,connected-to,10.555279,8.669546602707712,1,1.218,low,"user_rarity=17.4, exe_path_rarity=0.9, cmd_entropy=0.8",user_rarity,test,alert,EP-ceceb87db7
2026-08-13 19:05:56.849000+00:00,auditd,asus-x415ja,systemd-resolve,,systemd-resolve,connected-to,10.265438,8.669546602707712,1,1.184,low,"user_rarity=17.1, exe_path_rarity=0.9, cmd_entropy=0.8",user_rarity,test,alert,EP-ceceb87db7
2026-08-13 19:05:56.850000+00:00,auditd,asus-x415ja,systemd-resolve,,systemd-resolve,connected-to,9.99644,8.669546602707712,1,1.153,low,"user_rarity=16.8, exe_path_rarity=0.9, cmd_entropy=0.7",user_rarity,test,alert,EP-ceceb87db7
2026-08-13 19:06:13.059000+00:00,auditd,asus-x415ja,systemd-resolve,,systemd-resolve,connected-to,9.730783,8.669546602707712,1,1.122,low,"user_rarity=16.5, exe_path_rarity=0.9, cmd_entropy=0.8",user_rarity,test,alert,EP-ceceb87db7
2026-08-13 19:06:13.059000+00:00,auditd,asus-x415ja,systemd-resolve,,systemd-resolve,connected-to,9.437424,8.669546602707712,1,1.089,low,"user_rarity=16.2, exe_path_rarity=0.8, cmd_entropy=0.7",user_rarity,test,alert,EP-ceceb87db7
2026-08-13 19:06:19.267000+00:00,auditd,asus-x415ja,root,,(sd-bright),connected-to,15.966438,8.669546602707712,1,1.842,medium,"exe_path_rarity=22.9, inter_arrival_log=3.3, cmd_entropy=1.8",exe_path_rarity,test,alert,EP-ceceb87db7
2026-08-13 19:06:19.272000+00:00,auditd,asus-x415ja,root,,systemd-udevd,bound-socket,11.112043,8.669546602707712,1,1.282,low,"proc_rarity=18.0, cmd_length_log=0.4, cmd_entropy=0.2",proc_rarity,test,alert,EP-ceceb87db7
2026-08-13 19:06:45.876000+00:00,auditd,asus-x415ja,systemd-resolve,,systemd-resolve,connected-to,9.2064705,8.669546602707712,1,1.062,low,"user_rarity=16.0, exe_path_rarity=0.7, cmd_entropy=0.7",user_rarity,test,alert,EP-ceceb87db7
2026-08-13 19:06:45.878000+00:00,auditd,asus-x415ja,systemd-resolve,,systemd-resolve,connected-to,8.983593,8.669546602707712,1,1.036,low,"user_rarity=15.7, cmd_entropy=0.8, exe_path_rarity=0.8",user_rarity,test,alert,EP-ceceb87db7
2026-08-13 19:07:00.482000+00:00,auditd,asus-x415ja,systemd-timesync,,systemd-timesyn,bound-socket,43.110275,8.669546602707712,1,4.973,high,"user_rarity=50.0, exe_path_rarity=34.4, proc_rarity=27.1",user_rarity,test,alert,EP-ceceb87db7
2026-08-13 19:07:04.060000+00:00,auditd,asus-x415ja,systemd-resolve,,systemd-resolve,connected-to,8.731074,8.669546602707712,1,1.007,low,"user_rarity=15.5, exe_path_rarity=0.8, cmd_entropy=0.7",user_rarity,test,alert,EP-ceceb87db7
2026-08-13 19:10:13.298000+00:00,auditd,asus-x415ja,systemd-resolve,,systemd-resolve,connected-to,27.753689,8.669546602707712,1,3.201,high,"parent_child_rarity=34.7, user_rarity=10.0, cmd_entropy=0.8",parent_child_rarity,test,alert,EP-ceceb87db7
2026-08-13 19:10:13.298000+00:00,auditd,asus-x415ja,systemd-resolve,,systemd-resolve,connected-to,10.60135,8.669546602707712,1,1.223,low,"parent_child_rarity=17.2, user_rarity=9.9, cmd_entropy=0.7",parent_child_rarity,test,alert,EP-ceceb87db7
2026-08-13 19:13:19.308000+00:00,auditd,asus-x415ja,root,,(sd-bright),connected-to,10.284194,8.669546602707712,1,1.186,low,"exe_path_rarity=17.1, inter_arrival_log=2.0, cmd_entropy=1.7",exe_path_rarity,test,alert,EP-ceceb87db7
2026-08-13 19:13:19.312000+00:00,auditd,asus-x415ja,root,,systemd-udevd,bound-socket,27.783243,8.669546602707712,1,3.205,high,"parent_child_rarity=34.7, proc_rarity=13.4, cmd_length_log=0.5",parent_child_rarity,test,alert,EP-ceceb87db7
2026-08-13 19:14:56.209000+00:00,auditd,asus-x415ja,root,,systemd-udevd,bound-socket,10.662942,8.669546602707712,1,1.23,low,"parent_child_rarity=17.2, proc_rarity=10.6, cmd_length_log=0.5",parent_child_rarity,test,alert,EP-ceceb87db7
2026-08-13 19:15:32.731000+00:00,auditd,asus-x415ja,systemd-timesync,,systemd-timesyn,bound-socket,43.11021,8.669546602707712,1,4.973,high,"user_rarity=50.0, parent_child_rarity=34.6, exe_path_rarity=22.7",user_rarity,test,alert,EP-ceceb87db7
2026-08-13 19:32:36.982000+00:00,auditd,asus-x415ja,systemd-timesync,,systemd-timesyn,bound-socket,43.092365,8.669546602707712,1,4.971,high,"user_rarity=50.0, parent_child_rarity=17.2, exe_path_rarity=17.1",user_rarity,test,alert,EP-3b69b7d631
2026-08-13 19:43:48.726000+00:00,auditd,asus-x415ja,systemd-timesync,,systemd-timesyn,bound-socket,43.09228,8.669546602707712,1,4.971,high,"user_rarity=50.0, exe_path_rarity=13.3, inter_arrival_log=11.7",user_rarity,test,alert,EP-b104b72028
2026-08-13 19:43:48.726000+00:00,auditd,asus-x415ja,systemd-timesync,,systemd-timesyn,bound-socket,43.09226,8.669546602707712,1,4.971,high,"user_rarity=50.0, exe_path_rarity=11.1, proc_rarity=8.7",user_rarity,test,alert,EP-b104b72028
2026-08-13 19:43:48.727000+00:00,auditd,asus-x415ja,systemd-timesync,,systemd-timesyn,bound-socket,43.092255,8.669546602707712,1,4.971,high,"user_rarity=50.0, exe_path_rarity=9.6, proc_rarity=7.5",user_rarity,test,alert,EP-b104b72028
2026-08-13 19:43:48.727000+00:00,auditd,asus-x415ja,systemd-timesync,,systemd-timesyn,bound-socket,43.09225,8.669546602707712,1,4.971,high,"user_rarity=50.0, exe_path_rarity=8.4, proc_rarity=6.5",user_rarity,test,alert,EP-b104b72028
2026-08-13 19:43:48.727000+00:00,auditd,asus-x415ja,systemd-timesync,,systemd-timesyn,bound-socket,43.09225,8.669546602707712,1,4.971,high,"user_rarity=50.0, exe_path_rarity=7.4, proc_rarity=5.8",user_rarity,test,alert,EP-b104b72028
2026-08-13 19:43:48.728000+00:00,auditd,asus-x415ja,systemd-timesync,,systemd-timesyn,bound-socket,43.092247,8.669546602707712,1,4.971,high,"user_rarity=50.0, exe_path_rarity=6.7, proc_rarity=5.2",user_rarity,test,alert,EP-b104b72028
2026-08-13 19:43:48.728000+00:00,auditd,asus-x415ja,systemd-timesync,,systemd-timesyn,bound-socket,43.092247,8.669546602707712,1,4.971,high,"user_rarity=50.0, exe_path_rarity=6.0, proc_rarity=4.7",user_rarity,test,alert,EP-b104b72028
2026-08-13 20:00:52.731000+00:00,auditd,asus-x415ja,systemd-timesync,,sd-resolve,connected-to,45.18072,8.669546602707712,1,5.211,high,"proc_rarity=50.0, user_rarity=50.0, parent_child_rarity=34.7",proc_rarity,test,alert,EP-c7412d047f
2026-08-13 20:00:52.870000+00:00,auditd,asus-x415ja,systemd-timesync,,sd-resolve,connected-to,43.093727,8.669546602707712,1,4.971,high,"user_rarity=50.0, proc_rarity=27.0, parent_child_rarity=17.2",user_rarity,test,alert,EP-c7412d047f
2026-08-13 20:00:52.870000+00:00,auditd,asus-x415ja,systemd-timesync,,sd-resolve,connected-to,43.092316,8.669546602707712,1,4.971,high,"user_rarity=50.0, proc_rarity=17.7, parent_child_rarity=11.2",user_rarity,test,alert,EP-c7412d047f
2026-08-13 20:00:52.871000+00:00,auditd,asus-x415ja,systemd-timesync,,sd-resolve,connected-to,43.092262,8.669546602707712,1,4.971,high,"user_rarity=50.0, proc_rarity=13.4, parent_child_rarity=8.4",user_rarity,test,alert,EP-c7412d047f
2026-08-13 20:00:52.871000+00:00,auditd,asus-x415ja,systemd-timesync,,sd-resolve,connected-to,43.092255,8.669546602707712,1,4.971,high,"user_rarity=50.0, proc_rarity=10.4, parent_child_rarity=6.5",user_rarity,test,alert,EP-c7412d047f
2026-08-13 20:00:52.871000+00:00,auditd,asus-x415ja,systemd-timesync,,systemd-timesyn,bound-socket,43.092247,8.669546602707712,1,4.971,high,"user_rarity=50.0, proc_rarity=4.0, exe_path_rarity=3.6",user_rarity,test,alert,EP-c7412d047f
2026-08-13 20:00:52.871000+00:00,auditd,asus-x415ja,systemd-timesync,,sd-resolve,connected-to,43.09225,8.669546602707712,1,4.971,high,"user_rarity=50.0, proc_rarity=8.6, parent_child_rarity=5.4",user_rarity,test,alert,EP-c7412d047f
2026-08-13 20:00:52.871000+00:00,auditd,asus-x415ja,systemd-timesync,,sd-resolve,connected-to,43.092247,8.669546602707712,1,4.971,high,"user_rarity=50.0, proc_rarity=7.4, parent_child_rarity=4.7",user_rarity,test,alert,EP-c7412d047f
2026-08-13 20:00:52.871000+00:00,auditd,asus-x415ja,systemd-timesync,,sd-resolve,connected-to,43.092247,8.669546602707712,1,4.971,high,"user_rarity=50.0, proc_rarity=6.5, parent_child_rarity=4.0",user_rarity,test,alert,EP-c7412d047f
2026-08-13 20:00:52.871000+00:00,auditd,asus-x415ja,systemd-timesync,,sd-resolve,connected-to,42.350403,8.669546602707712,1,4.885,high,"user_rarity=49.3, proc_rarity=5.6, parent_child_rarity=3.5",user_rarity,test,alert,EP-c7412d047f
2026-08-13 20:00:52.871000+00:00,auditd,asus-x415ja,systemd-timesync,,sd-resolve,connected-to,40.05356,8.669546602707712,1,4.62,high,"user_rarity=47.0, proc_rarity=4.9, parent_child_rarity=3.0",user_rarity,test,alert,EP-c7412d047f
2026-08-13 20:00:52.871000+00:00,auditd,asus-x415ja,systemd-timesync,,sd-resolve,connected-to,37.955803,8.669546602707712,1,4.378,high,"user_rarity=44.9, proc_rarity=4.3, parent_child_rarity=2.6",user_rarity,test,alert,EP-c7412d047f
2026-08-13 20:00:52.871000+00:00,auditd,asus-x415ja,systemd-timesync,,sd-resolve,connected-to,36.052013,8.669546602707712,1,4.158,high,"user_rarity=43.0, proc_rarity=3.8, parent_child_rarity=2.3",user_rarity,test,alert,EP-c7412d047f
2026-08-13 20:00:52.871000+00:00,auditd,asus-x415ja,systemd-timesync,,sd-resolve,connected-to,34.39903,8.669546602707712,1,3.968,high,"user_rarity=41.3, proc_rarity=3.7, exe_path_rarity=2.3",user_rarity,test,alert,EP-c7412d047f
2026-08-13 20:01:25.468000+00:00,auditd,asus-x415ja,systemd-timesync,,systemd-timesyn,bound-socket,32.876244,8.669546602707712,1,3.792,high,"user_rarity=39.8, inter_arrival_log=4.9, proc_rarity=3.9",user_rarity,test,alert,EP-c7412d047f
2026-08-13 20:02:29.718000+00:00,auditd,asus-x415ja,systemd-timesync,,systemd-timesyn,bound-socket,31.396141,8.669546602707712,1,3.621,high,"user_rarity=38.3, proc_rarity=3.6, parent_child_rarity=2.6",user_rarity,test,alert,EP-c7412d047f
2026-08-13 20:04:37.969000+00:00,auditd,asus-x415ja,systemd-timesync,,systemd-timesyn,bound-socket,30.031555,8.669546602707712,1,3.464,high,"user_rarity=36.9, inter_arrival_log=7.5, proc_rarity=3.4",user_rarity,test,alert,EP-c7412d047f
2026-08-13 20:08:54.218000+00:00,auditd,asus-x415ja,systemd-timesync,,systemd-timesyn,bound-socket,28.740059,8.669546602707712,1,3.315,high,"user_rarity=35.6, proc_rarity=3.1, inter_arrival_log=2.7",user_rarity,test,alert,EP-c7412d047f
2026-08-13 20:17:26.469000+00:00,auditd,asus-x415ja,systemd-timesync,,systemd-timesyn,bound-socket,27.544973,8.669546602707712,1,3.177,high,"user_rarity=34.5, inter_arrival_log=3.8, proc_rarity=2.9",user_rarity,test,alert,EP-8211c9372c
2026-08-15 14:48:11.593000+00:00,auditd,asus-x415ja,,,,changed-audit-configuration,14.088415,8.669546602707712,1,1.625,medium,"inter_arrival_log=20.8, cmd_entropy=10.4, cmd_length_log=8.5",inter_arrival_log,test,alert,EP-9fa23d5f4d
2026-08-15 15:00:19.233000+00:00,auditd,asus-x415ja,hala-hamza,,ischroot,executed,12.202528,8.669546602707712,1,1.408,low,"parent_child_rarity=16.7, exe_path_rarity=16.5, proc_rarity=12.8",parent_child_rarity,test,alert,EP-5e18413e98
2026-08-15 16:11:06.076000+00:00,auditd,asus-x415ja,hala-hamza,,git,executed,10.090546,8.669546602707712,1,1.164,low,"parent_child_rarity=16.9, arg_count=1.7, inter_arrival_log=1.6",parent_child_rarity,test,alert,EP-2742227ee1
2026-08-15 16:11:06.082000+00:00,auditd,asus-x415ja,hala-hamza,,pager,executed,27.375355,8.669546602707712,1,3.158,high,"parent_child_rarity=34.3, exe_path_rarity=3.3, cmd_length_log=1.4",parent_child_rarity,test,alert,EP-2742227ee1
2026-08-15 16:11:06.089000+00:00,auditd,asus-x415ja,hala-hamza,,pager,changed-file-permissions-of,10.308521,8.669546602707712,1,1.189,low,"parent_child_rarity=17.1, exe_path_rarity=3.4, event_type_seq=2.9",parent_child_rarity,test,alert,EP-2742227ee1
2026-08-15 16:19:05.553000+00:00,auditd,asus-x415ja,hala-hamza,,mv,executed,27.631355,8.669546602707712,1,3.187,high,"parent_child_rarity=34.5, cmd_length_log=2.6, cmd_entropy=1.7",parent_child_rarity,test,alert,EP-999476ffe9
2026-08-15 16:19:18.191000+00:00,auditd,asus-x415ja,hala-hamza,,cp,executed,27.67465,8.669546602707712,1,3.192,high,"parent_child_rarity=34.6, cmd_length_log=2.3, cmd_entropy=1.6",parent_child_rarity,test,alert,EP-999476ffe9
2026-08-15 22:20:16.007000+00:00,auditd,asus-x415ja,,,,changed-audit-configuration,14.231534,8.669546602707712,1,1.642,medium,"inter_arrival_log=21.0, cmd_entropy=10.3, cmd_length_log=8.3",inter_arrival_log,test,alert,EP-612b498b4a
2026-08-15 22:21:20.261000+00:00,auditd,asus-x415ja,hala-hamza,,codex,executed,43.092247,8.669546602707712,1,4.971,high,"exe_path_rarity=50.0, cmd_length_log=4.3, cmd_entropy=3.0",exe_path_rarity,test,alert,EP-612b498b4a
2026-08-15 22:21:20.303000+00:00,auditd,asus-x415ja,hala-hamza,,codex,changed-file-permissions-of,27.325493,8.669546602707712,1,3.152,high,"exe_path_rarity=34.2, cmd_entropy=4.2, cmd_length_log=4.2",exe_path_rarity,test,alert,EP-612b498b4a
2026-08-15 22:21:20.432000+00:00,auditd,asus-x415ja,hala-hamza,,codex-main,executed,14.951178,8.669546602707712,1,1.725,medium,"exe_path_rarity=21.8, arg_count=3.7, cmd_length_log=2.4",exe_path_rarity,test,alert,EP-612b498b4a
2026-08-15 22:21:20.432000+00:00,auditd,asus-x415ja,hala-hamza,,codex-main,executed,9.46627,8.669546602707712,1,1.092,low,"exe_path_rarity=16.2, arg_count=3.7, cmd_length_log=2.8",exe_path_rarity,test,alert,EP-612b498b4a
2026-08-15 22:26:15.615000+00:00,auditd,asus-x415ja,hala-hamza,,cp,executed,10.265549,8.669546602707712,1,1.184,low,"parent_child_rarity=17.0, cmd_length_log=4.2, cmd_entropy=2.2",parent_child_rarity,test,alert,EP-612b498b4a
2026-08-15 22:28:27.444000+00:00,auditd,asus-x415ja,hala-hamza,,python,executed,27.750599,8.669546602707712,1,3.201,high,"parent_child_rarity=34.7, arg_count=3.7, cmd_entropy=0.6",parent_child_rarity,test,alert,EP-612b498b4a
2026-08-15 22:28:27.444000+00:00,auditd,asus-x415ja,hala-hamza,,python,executed,10.2666645,8.669546602707712,1,1.184,low,"parent_child_rarity=17.1, arg_count=4.2, cmd_length_log=0.5",parent_child_rarity,test,alert,EP-612b498b4a
2026-08-15 22:28:27.445000+00:00,auditd,asus-x415ja,hala-hamza,,git,executed,27.295868,8.669546602707712,1,3.148,high,"parent_child_rarity=34.2, arg_count=1.4, proc_rarity=0.4",parent_child_rarity,test,alert,EP-612b498b4a
2026-08-15 23:07:12.657000+00:00,auditd,asus-x415ja,root,,sar.sysstat,executed,16.075483,8.669546602707712,1,1.854,medium,"exe_path_rarity=22.4, proc_rarity=17.5, parent_child_rarity=11.1",exe_path_rarity,test,alert,EP-99758916f1
2026-08-15 23:28:04.475000+00:00,auditd,asus-x415ja,hala-hamza,,gnome-text-edit,executed,27.239891,8.669546602707712,1,3.142,high,"parent_child_rarity=34.1, exe_path_rarity=7.8, proc_rarity=6.8",parent_child_rarity,test,alert,EP-3fe5450916
2026-08-15 23:28:04.542000+00:00,auditd,asus-x415ja,hala-hamza,,gnome-text-edit,connected-to,9.917072,8.669546602707712,1,1.144,low,"parent_child_rarity=16.6, exe_path_rarity=6.6, proc_rarity=5.5",parent_child_rarity,test,alert,EP-3fe5450916
2026-08-17 22:32:00.740000+00:00,auditd,asus-x415ja,,,,changed-audit-configuration,13.694309,8.669546602707712,1,1.58,medium,"inter_arrival_log=20.3, event_type_seq=10.9, cmd_entropy=10.5",inter_arrival_log,test,alert,EP-b61f851e5a
2026-08-17 23:00:05.811000+00:00,auditd,asus-x415ja,root,,(ogrotate),connected-to,43.108044,8.669546602707712,1,4.972,high,"proc_rarity=50.0, parent_child_rarity=34.3, cmd_length_log=0.4",proc_rarity,test,alert,EP-231d707cff
2026-08-17 23:00:05.906000+00:00,auditd,asus-x415ja,root,,logrotate,executed,43.109688,8.669546602707712,1,4.973,high,"exe_path_rarity=50.0, parent_child_rarity=34.6, arg_count=3.6",exe_path_rarity,test,alert,EP-231d707cff
2026-08-17 23:00:05.910000+00:00,auditd,asus-x415ja,root,,logrotate,connected-to,26.824945,8.669546602707712,1,3.094,high,"exe_path_rarity=33.7, parent_child_rarity=16.7, proc_rarity=2.6",exe_path_rarity,test,alert,EP-231d707cff
2026-08-17 23:00:05.910000+00:00,auditd,asus-x415ja,root,,logrotate,connected-to,15.412014,8.669546602707712,1,1.778,medium,"exe_path_rarity=22.2, parent_child_rarity=10.9, proc_rarity=2.5",exe_path_rarity,test,alert,EP-231d707cff
2026-08-17 23:00:05.910000+00:00,auditd,asus-x415ja,root,,logrotate,opened-file,10.141451,8.669546602707712,1,1.17,low,"exe_path_rarity=16.8, parent_child_rarity=8.2, event_type_seq=3.9",exe_path_rarity,test,alert,EP-231d707cff
2026-08-17 23:00:05.916000+00:00,auditd,asus-x415ja,root,,gzip,executed,45.01584,8.669546602707712,1,5.192,high,"exe_path_rarity=49.9, proc_rarity=49.8, parent_child_rarity=33.9",exe_path_rarity,test,alert,EP-231d707cff
2026-08-17 23:00:05.925000+00:00,auditd,asus-x415ja,root,,gzip,executed,26.950987,8.669546602707712,1,3.109,high,"exe_path_rarity=33.6, proc_rarity=26.2, parent_child_rarity=16.6",exe_path_rarity,test,alert,EP-231d707cff
2026-08-17 23:00:05.929000+00:00,auditd,asus-x415ja,root,,sh,executed,26.917576,8.669546602707712,1,3.105,high,"parent_child_rarity=33.8, arg_count=5.2, cmd_length_log=2.1",parent_child_rarity,test,alert,EP-231d707cff
2026-08-17 23:00:05.930000+00:00,auditd,asus-x415ja,root,,invoke-rc.d,executed,27.008286,8.669546602707712,1,3.115,high,"parent_child_rarity=33.7, proc_rarity=25.8, arg_count=1.6",parent_child_rarity,test,alert,EP-231d707cff
2026-08-17 23:00:05.932000+00:00,auditd,asus-x415ja,root,,runlevel,executed,18.982714,8.669546602707712,1,2.19,medium,"proc_rarity=25.8, parent_child_rarity=16.2, cmd_length_log=2.8",proc_rarity,test,alert,EP-231d707cff
2026-08-17 23:00:05.936000+00:00,auditd,asus-x415ja,root,,runlevel,connected-to,10.494857,8.669546602707712,1,1.211,low,"proc_rarity=17.0, parent_child_rarity=10.7, cmd_length_log=0.8",proc_rarity,test,alert,EP-231d707cff
2026-08-17 23:00:06.029000+00:00,auditd,asus-x415ja,root,,cupsd,violated-apparmor-policy,43.092255,8.669546602707712,1,4.971,high,"syscall_rarity=50.0, event_type_seq=12.5, exe_path_rarity=0.3",syscall_rarity,test,alert,EP-231d707cff
2026-08-17 23:00:06.032000+00:00,auditd,asus-x415ja,root,,gzip,executed,15.779572,8.669546602707712,1,1.82,medium,"exe_path_rarity=22.1, proc_rarity=17.1, parent_child_rarity=10.8",exe_path_rarity,test,alert,EP-231d707cff
2026-08-17 23:00:06.039000+00:00,auditd,asus-x415ja,root,,gzip,executed,10.667817,8.669546602707712,1,1.23,low,"exe_path_rarity=16.6, proc_rarity=12.9, parent_child_rarity=8.1",exe_path_rarity,test,alert,EP-231d707cff
2026-08-17 23:00:06.083000+00:00,auditd,asus-x415ja,cups-browsed,,cups-browsed,executed,35.98236,8.669546602707712,1,4.15,high,"user_rarity=42.9, exe_path_rarity=1.9, arg_count=1.7",user_rarity,test,alert,EP-231d707cff
2026-08-17 23:00:06.110000+00:00,auditd,asus-x415ja,cups-browsed,,cups-browsed,connected-to,34.296295,8.669546602707712,1,3.956,high,"user_rarity=41.2, exe_path_rarity=1.8, proc_rarity=1.0",user_rarity,test,alert,EP-231d707cff
2026-08-17 23:00:06.110000+00:00,auditd,asus-x415ja,cups-browsed,,cups-browsed,opened-file,32.662224,8.669546602707712,1,3.767,high,"user_rarity=39.6, event_type_seq=3.1, exe_path_rarity=1.7",user_rarity,test,alert,EP-231d707cff
2026-08-17 23:00:06.110000+00:00,auditd,asus-x415ja,cups-browsed,,cups-browsed,connected-to,31.12857,8.669546602707712,1,3.591,high,"user_rarity=38.0, exe_path_rarity=1.6, proc_rarity=0.9",user_rarity,test,alert,EP-231d707cff
2026-08-17 23:00:06.111000+00:00,auditd,asus-x415ja,cups-browsed,,cups-browsed,connected-to,29.708471,8.669546602707712,1,3.427,high,"user_rarity=36.6, exe_path_rarity=1.5, proc_rarity=0.9",user_rarity,test,alert,EP-231d707cff
2026-08-17 23:00:06.111000+00:00,auditd,asus-x415ja,cups-browsed,,cups-browsed,bound-socket,28.483782,8.669546602707712,1,3.285,high,"user_rarity=35.4, exe_path_rarity=1.3, proc_rarity=0.7",user_rarity,test,alert,EP-231d707cff
2026-08-17 23:00:06.111000+00:00,auditd,asus-x415ja,cups-browsed,,cups-browsed,connected-to,27.245237,8.669546602707712,1,3.143,high,"user_rarity=34.2, exe_path_rarity=1.2, proc_rarity=0.7",user_rarity,test,alert,EP-231d707cff
2026-08-17 23:00:06.111000+00:00,auditd,asus-x415ja,cups-browsed,,cups-browsed,connected-to,26.131721,8.669546602707712,1,3.014,high,"user_rarity=33.0, exe_path_rarity=1.2, proc_rarity=0.6",user_rarity,test,alert,EP-231d707cff
2026-08-17 23:00:06.112000+00:00,auditd,asus-x415ja,cups-browsed,,cups-browsed,connected-to,25.110472,8.669546602707712,1,2.896,medium,"user_rarity=32.0, exe_path_rarity=1.2, proc_rarity=0.7",user_rarity,test,alert,EP-231d707cff
2026-08-17 23:00:06.139000+00:00,auditd,asus-x415ja,cups-browsed,,cups-browsed,connected-to,24.126753,8.669546602707712,1,2.783,medium,"user_rarity=31.0, exe_path_rarity=1.2, proc_rarity=0.6",user_rarity,test,alert,EP-231d707cff
2026-08-17 23:00:06.167000+00:00,auditd,asus-x415ja,cups-browsed,,cups-browsed,connected-to,23.204708,8.669546602707712,1,2.677,medium,"user_rarity=30.1, exe_path_rarity=1.1, proc_rarity=0.6",user_rarity,test,alert,EP-231d707cff
2026-08-17 23:00:06.194000+00:00,auditd,asus-x415ja,cups-browsed,,cups-browsed,connected-to,22.405823,8.669546602707712,1,2.584,medium,"user_rarity=29.3, event_type_seq=1.7, exe_path_rarity=1.5",user_rarity,test,alert,EP-231d707cff
2026-08-17 23:00:06.222000+00:00,auditd,asus-x415ja,cups-browsed,,cups-browsed,connected-to,21.580345,8.669546602707712,1,2.489,medium,"user_rarity=28.5, event_type_seq=1.7, exe_path_rarity=1.5",user_rarity,test,alert,EP-231d707cff
2026-08-17 23:00:06.251000+00:00,auditd,asus-x415ja,cups-browsed,,cups-browsed,connected-to,20.799448,8.669546602707712,1,2.399,medium,"user_rarity=27.7, event_type_seq=1.7, exe_path_rarity=1.4",user_rarity,test,alert,EP-231d707cff
2026-08-17 23:00:06.251000+00:00,auditd,asus-x415ja,cups-browsed,,cups-browsed,connected-to,20.068958,8.669546602707712,1,2.315,medium,"user_rarity=27.0, event_type_seq=1.4, exe_path_rarity=1.2",user_rarity,test,alert,EP-231d707cff
2026-08-17 23:00:06.256000+00:00,auditd,asus-x415ja,cups-browsed,,cups-browsed,connected-to,19.415428,8.669546602707712,1,2.239,medium,"user_rarity=26.3, exe_path_rarity=1.3, proc_rarity=0.9",user_rarity,test,alert,EP-231d707cff
2026-08-17 23:00:06.256000+00:00,auditd,asus-x415ja,cups-browsed,,cups-browsed,connected-to,18.754879,8.669546602707712,1,2.163,medium,"user_rarity=25.7, exe_path_rarity=1.2, proc_rarity=0.8",user_rarity,test,alert,EP-231d707cff
2026-08-17 23:00:06.257000+00:00,auditd,asus-x415ja,cups-browsed,,cups-browsed,connected-to,18.068535,8.669546602707712,1,2.084,medium,"user_rarity=25.0, event_type_seq=1.3, exe_path_rarity=1.0",user_rarity,test,alert,EP-231d707cff
2026-08-17 23:00:06.257000+00:00,auditd,asus-x415ja,cups-browsed,,cups-browsed,connected-to,17.439032,8.669546602707712,1,2.012,medium,"user_rarity=24.3, exe_path_rarity=0.8, event_type_seq=0.6",user_rarity,test,alert,EP-231d707cff
2026-08-17 23:00:06.262000+00:00,auditd,asus-x415ja,cups-browsed,,cups-browsed,connected-to,16.875992,8.669546602707712,1,1.947,medium,"user_rarity=23.8, exe_path_rarity=1.0, event_type_seq=0.9",user_rarity,test,alert,EP-231d707cff
2026-08-17 23:00:06.267000+00:00,auditd,asus-x415ja,cups-browsed,,cups-browsed,connected-to,16.31703,8.669546602707712,1,1.882,medium,"user_rarity=23.2, exe_path_rarity=1.0, event_type_seq=0.8",user_rarity,test,alert,EP-231d707cff
2026-08-18 00:05:25.056000+00:00,auditd,asus-x415ja,hala-hamza,,sed,executed,11.714618,8.669546602707712,1,1.351,low,"inter_arrival_log=18.5, arg_count=4.2, event_type_seq=1.2",inter_arrival_log,test,alert,EP-6bc4956db3
2026-08-18 00:08:41.272000+00:00,auditd,asus-x415ja,root,,fstrim,executed,15.712954,8.669546602707712,1,1.812,medium,"exe_path_rarity=22.6, proc_rarity=5.5, cmd_length_log=2.2",exe_path_rarity,test,alert,EP-6bc4956db3
2026-08-18 06:13:32.597000+00:00,auditd,asus-x415ja,,,,changed-audit-configuration,13.578583,8.669546602707712,1,1.566,medium,"inter_arrival_log=20.1, event_type_seq=11.3, cmd_entropy=10.5",inter_arrival_log,test,alert,EP-c6240a873e
2026-08-18 06:33:58.732000+00:00,auditd,asus-x415ja,root,,(udev-worker),changed-file-permissions-of,11.108667,8.669546602707712,1,1.281,low,"event_type_seq=17.9, cmd_entropy=0.3, cmd_length_log=0.2",event_type_seq,test,alert,EP-46ad9eb145
2026-08-18 07:00:00.165000+00:00,auditd,asus-x415ja,hala-hamza,,zqx7f67de36,executed,45.179253,8.669546602707712,1,5.211,high,"proc_rarity=50.0, exe_path_rarity=50.0, parent_child_rarity=34.1",proc_rarity,test,alert,EP-5d985ab8fa
2026-08-18 07:00:00.171000+00:00,auditd,asus-x415ja,hala-hamza,,zqx7f67de36,executed,26.940935,8.669546602707712,1,3.108,high,"exe_path_rarity=33.6, proc_rarity=26.2, parent_child_rarity=16.6",exe_path_rarity,test,alert,EP-5d985ab8fa
2026-08-18 07:00:00.177000+00:00,auditd,asus-x415ja,hala-hamza,,zqx7f67de36,executed,16.082352,8.669546602707712,1,1.855,medium,"exe_path_rarity=22.4, proc_rarity=17.5, parent_child_rarity=11.0",exe_path_rarity,test,alert,EP-5d985ab8fa
2026-08-18 07:00:00.182000+00:00,auditd,asus-x415ja,hala-hamza,,zqx7f67de36,executed,10.782296,8.669546602707712,1,1.244,low,"exe_path_rarity=16.7, proc_rarity=13.0, parent_child_rarity=8.2",exe_path_rarity,test,alert,EP-5d985ab8fa
2026-08-18 07:05:32.234000+00:00,auditd,asus-x415ja,hala-hamza,,strace,executed,27.341412,8.669546602707712,1,3.154,high,"exe_path_rarity=34.0, proc_rarity=26.7, parent_child_rarity=16.9",exe_path_rarity,test,alert,EP-b52d1cb3da
2026-08-18 07:05:32.246000+00:00,auditd,asus-x415ja,hala-hamza,,true,executed,10.119402,8.669546602707712,1,1.167,low,"parent_child_rarity=16.9, cmd_length_log=3.1, arg_count=3.0",parent_child_rarity,test,alert,EP-b52d1cb3da
2026-08-18 07:44:21.736000+00:00,auditd,asus-x415ja,hala-hamza,,sentinel_shm_7f,executed,44.997215,8.669546602707712,1,5.19,high,"exe_path_rarity=49.9, proc_rarity=49.8, parent_child_rarity=33.9",exe_path_rarity,test,alert,EP-1555756036
2026-08-18 07:44:21.737000+00:00,auditd,asus-x415ja,hala-hamza,,sentinel_shm_7f,executed,26.73624,8.669546602707712,1,3.084,high,"exe_path_rarity=33.4, proc_rarity=26.0, parent_child_rarity=16.4",exe_path_rarity,test,alert,EP-1555756036
2026-08-18 07:44:21.738000+00:00,auditd,asus-x415ja,hala-hamza,,sentinel_shm_7f,executed,15.550241,8.669546602707712,1,1.794,medium,"exe_path_rarity=21.9, proc_rarity=16.9, parent_child_rarity=10.6",exe_path_rarity,test,alert,EP-1555756036
2026-08-18 07:44:21.738000+00:00,auditd,asus-x415ja,hala-hamza,,sentinel_shm_7f,executed,10.224982,8.669546602707712,1,1.179,low,"exe_path_rarity=16.2, proc_rarity=12.4, parent_child_rarity=7.7",exe_path_rarity,test,alert,EP-1555756036
2026-08-18 07:49:53.758000+00:00,auditd,asus-x415ja,hala-hamza,,sentinel_vb_7f6,executed,45.179207,8.669546602707712,1,5.211,high,"proc_rarity=50.0, exe_path_rarity=50.0, parent_child_rarity=34.1",proc_rarity,test,alert,EP-ed71fefb8e
2026-08-18 08:06:29.802000+00:00,auditd,asus-x415ja,hala-hamza,,q7f67de36,executed,45.01062,8.669546602707712,1,5.192,high,"exe_path_rarity=49.9, proc_rarity=49.8, parent_child_rarity=33.9",exe_path_rarity,test,alert,EP-1b009df722
2026-08-18 08:06:29.806000+00:00,auditd,asus-x415ja,hala-hamza,,env,executed,26.966782,8.669546602707712,1,3.111,high,"parent_child_rarity=33.9, cmd_entropy=1.7, cmd_length_log=1.5",parent_child_rarity,test,alert,EP-1b009df722
2026-08-18 08:06:29.807000+00:00,auditd,asus-x415ja,hala-hamza,,env,executed,9.658817,8.669546602707712,1,1.114,low,"parent_child_rarity=16.4, cmd_length_log=2.9, cmd_entropy=2.8",parent_child_rarity,test,alert,EP-1b009df722
2026-08-18 08:06:29.808000+00:00,auditd,asus-x415ja,hala-hamza,,true,executed,27.234371,8.669546602707712,1,3.141,high,"parent_child_rarity=34.1, cmd_entropy=4.9, cmd_length_log=4.4",parent_child_rarity,test,alert,EP-1b009df722
2026-08-18 14:12:55.703000+00:00,auditd,asus-x415ja,hala-hamza,,Chrome_ChildIOT,connected-to,8.919679,8.669546602707712,1,1.029,low,"inter_arrival_log=15.7, proc_rarity=0.0, user_rarity=0.0",inter_arrival_log,test,alert,EP-20e59a60fe
2026-08-18 14:13:01.528000+00:00,auditd,asus-x415ja,nobody,,dnsmasq,connected-to,43.092247,8.669546602707712,1,4.971,high,"user_rarity=50.0, exe_path_rarity=1.6, proc_rarity=1.0",user_rarity,test,alert,EP-20e59a60fe
2026-08-18 15:53:53.767000+00:00,auditd,asus-x415ja,hala-hamza,,Chrome_ChildIOT,bound-socket,12.170952,8.669546602707712,1,1.404,low,inter_arrival_log=19.0,inter_arrival_log,test,alert,EP-c3049fb948
2026-08-18 20:22:40.694000+00:00,auditd,asus-x415ja,hala-hamza,,(snap),connected-to,14.064993,8.669546602707712,1,1.622,medium,"inter_arrival_log=20.9, cmd_length_log=0.6, cmd_entropy=0.4",inter_arrival_log,test,alert,EP-7fab1b7569
2026-08-18 21:20:00.325000+00:00,auditd,asus-x415ja,hala-hamza,,gvfsd-network,executed,45.171688,8.669546602707712,1,5.21,high,"proc_rarity=50.0, exe_path_rarity=50.0, cmd_entropy=2.3",proc_rarity,test,alert,EP-07c8078f59
2026-08-18 21:20:00.334000+00:00,auditd,asus-x415ja,hala-hamza,,gvfsd-network,connected-to,27.492424,8.669546602707712,1,3.171,high,"exe_path_rarity=34.2, proc_rarity=26.8, cmd_entropy=2.4",exe_path_rarity,test,alert,EP-07c8078f59
2026-08-18 21:20:00.336000+00:00,auditd,asus-x415ja,hala-hamza,,pool,connected-to,15.781807,8.669546602707712,1,1.82,medium,"exe_path_rarity=22.7, cmd_entropy=2.4, proc_rarity=0.2",exe_path_rarity,test,alert,EP-07c8078f59
2026-08-18 21:20:00.344000+00:00,auditd,asus-x415ja,hala-hamza,,gvfsd-dnssd,executed,45.171688,8.669546602707712,1,5.21,high,"proc_rarity=50.0, exe_path_rarity=50.0, cmd_entropy=2.8",proc_rarity,test,alert,EP-07c8078f59
2026-08-18 21:20:00.352000+00:00,auditd,asus-x415ja,hala-hamza,,gvfsd-dnssd,connected-to,27.469614,8.669546602707712,1,3.169,high,"exe_path_rarity=34.1, proc_rarity=26.8, event_type_seq=2.4",exe_path_rarity,test,alert,EP-07c8078f59
2026-08-18 21:20:00.355000+00:00,auditd,asus-x415ja,hala-hamza,,pool,connected-to,15.631906,8.669546602707712,1,1.803,medium,"exe_path_rarity=22.5, cmd_entropy=1.0, parent_child_rarity=0.1",exe_path_rarity,test,alert,EP-07c8078f59
2026-08-18 21:20:00.359000+00:00,auditd,asus-x415ja,hala-hamza,,gvfsd-dnssd,connected-to,12.554231,8.669546602707712,1,1.448,low,"proc_rarity=17.7, exe_path_rarity=16.9, cmd_entropy=1.3",proc_rarity,test,alert,EP-07c8078f59
2026-08-18 21:20:00.364000+00:00,auditd,asus-x415ja,hala-hamza,,gvfsd-network,connected-to,12.653614,8.669546602707712,1,1.46,low,"proc_rarity=17.8, exe_path_rarity=17.0, cmd_entropy=2.6",proc_rarity,test,alert,EP-07c8078f59
2026-08-18 21:20:00.364000+00:00,auditd,asus-x415ja,hala-hamza,,gvfsd-dnssd,bound-socket,8.68834,8.669546602707712,1,1.002,low,"exe_path_rarity=13.5, proc_rarity=13.3, cmd_entropy=1.2",exe_path_rarity,test,alert,EP-07c8078f59
2026-08-18 21:20:00.366000+00:00,auditd,asus-x415ja,hala-hamza,,gvfsd-wsdd,executed,45.161896,8.669546602707712,1,5.209,high,"exe_path_rarity=50.0, proc_rarity=50.0, cmd_entropy=1.9",exe_path_rarity,test,alert,EP-07c8078f59
2026-08-18 21:20:00.370000+00:00,auditd,asus-x415ja,hala-hamza,,gvfsd-wsdd,connected-to,26.978792,8.669546602707712,1,3.112,high,"exe_path_rarity=33.6, proc_rarity=26.2, event_type_seq=0.8",exe_path_rarity,test,alert,EP-07c8078f59
2026-08-18 21:20:00.372000+00:00,auditd,asus-x415ja,hala-hamza,,pool,connected-to,15.124199,8.669546602707712,1,1.745,medium,"exe_path_rarity=22.0, parent_child_rarity=0.5, user_rarity=0.2",exe_path_rarity,test,alert,EP-07c8078f59
2026-08-18 21:20:00.375000+00:00,auditd,asus-x415ja,hala-hamza,,pool,connected-to,9.893453,8.669546602707712,1,1.141,low,"exe_path_rarity=16.7, event_type_seq=0.9, cmd_entropy=0.8",exe_path_rarity,test,alert,EP-07c8078f59
2026-08-18 21:20:00.376000+00:00,auditd,asus-x415ja,hala-hamza,,pool,executed,27.256168,8.669546602707712,1,3.144,high,"parent_child_rarity=34.2, exe_path_rarity=12.9, event_type_seq=3.1",parent_child_rarity,test,alert,EP-07c8078f59
2026-08-18 21:20:00.376000+00:00,auditd,asus-x415ja,hala-hamza,,pool,executed,10.194075,8.669546602707712,1,1.176,low,"parent_child_rarity=16.6, exe_path_rarity=10.6, arg_count=1.6",parent_child_rarity,test,alert,EP-07c8078f59
2026-08-18 21:20:00.378000+00:00,auditd,asus-x415ja,hala-hamza,,gvfsd-wsdd,executed,10.414043,8.669546602707712,1,1.201,low,"proc_rarity=17.2, exe_path_rarity=3.4, cmd_entropy=1.3",proc_rarity,test,alert,EP-07c8078f59
2026-08-18 21:20:13.282000+00:00,auditd,asus-x415ja,hala-hamza,,gdk-pixbuf-thum,executed,45.18029,8.669546602707712,1,5.211,high,"proc_rarity=50.0, exe_path_rarity=50.0, parent_child_rarity=34.5",proc_rarity,test,alert,EP-07c8078f59
2026-08-18 23:07:00.248000+00:00,auditd,asus-x415ja,root,,sar.sysstat,executed,10.4542,8.669546602707712,1,1.206,low,"exe_path_rarity=16.4, proc_rarity=12.7, parent_child_rarity=7.9",exe_path_rarity,test,alert,EP-9e84d12246
2026-08-18 23:15:31.498000+00:00,auditd,asus-x415ja,hala-hamza,,gdk-pixbuf-thum,executed,27.501816,8.669546602707712,1,3.172,high,"exe_path_rarity=34.2, proc_rarity=26.8, parent_child_rarity=17.0",exe_path_rarity,test,alert,EP-576fb341f9
2026-08-18 23:15:31.504000+00:00,auditd,asus-x415ja,hala-hamza,,gdk-pixbuf-thum,executed,16.225586,8.669546602707712,1,1.872,medium,"exe_path_rarity=22.5, proc_rarity=17.6, parent_child_rarity=11.2",exe_path_rarity,test,alert,EP-576fb341f9
2026-08-18 23:15:31.512000+00:00,auditd,asus-x415ja,hala-hamza,,gdk-pixbuf-thum,executed,10.824245,8.669546602707712,1,1.249,low,"exe_path_rarity=16.8, proc_rarity=13.0, parent_child_rarity=8.2",exe_path_rarity,test,alert,EP-576fb341f9
2026-08-18 23:55:38.739000+00:00,auditd,asus-x415ja,hala-hamza,,Chrome_ChildIOT,connected-to,9.352353,8.669546602707712,1,1.079,low,"inter_arrival_log=16.1, proc_rarity=0.1, exe_path_rarity=0.1",inter_arrival_log,test,alert,EP-cc197246b4
2026-08-19 21:42:20.445000+00:00,auditd,asus-x415ja,,,,changed-audit-configuration,14.124381,8.669546602707712,1,1.629,medium,"inter_arrival_log=20.9, cmd_entropy=10.5, cmd_length_log=8.5",inter_arrival_log,test,alert,EP-cdc94c828c
2026-08-19 21:44:49.652000+00:00,auditd,asus-x415ja,hala-hamza,,codex,executed,43.092247,8.669546602707712,1,4.971,high,"exe_path_rarity=50.0, cmd_length_log=4.3, cmd_entropy=3.1",exe_path_rarity,test,alert,EP-cdc94c828c
2026-08-19 21:44:49.697000+00:00,auditd,asus-x415ja,hala-hamza,,codex,changed-file-permissions-of,27.0918,8.669546602707712,1,3.125,high,"exe_path_rarity=34.0, cmd_length_log=3.7, cmd_entropy=3.4",exe_path_rarity,test,alert,EP-cdc94c828c
2026-08-19 21:44:49.829000+00:00,auditd,asus-x415ja,hala-hamza,,codex-main,executed,15.898438,8.669546602707712,1,1.834,medium,"exe_path_rarity=22.8, cmd_length_log=3.9, cmd_entropy=3.8",exe_path_rarity,test,alert,EP-cdc94c828c
2026-08-19 21:44:49.829000+00:00,auditd,asus-x415ja,hala-hamza,,codex-main,executed,9.7989235,8.669546602707712,1,1.13,low,"exe_path_rarity=16.5, arg_count=3.6, cmd_length_log=2.7",exe_path_rarity,test,alert,EP-cdc94c828c
2026-08-04 21:41:34.095000+00:00,auth,ASUS-X415JA,root,127.0.0.1,sshd,ssh_login,48.05409,11.108546713637551,1,4.326,high,"is_fail=50.0, ip_is_external=6.6, msg_length_log=4.3",is_fail,test,alert,EP-97a830cfd5
2026-08-04 21:41:45.180000+00:00,auth,ASUS-X415JA,root,127.0.0.1,sshd,ssh_login,48.05409,11.108546713637551,1,4.326,high,"is_fail=50.0, ip_is_external=9.0, user_rarity=6.9",is_fail,test,alert,EP-97a830cfd5
2026-08-04 21:41:49.664000+00:00,auth,ASUS-X415JA,root,127.0.0.1,sshd,ssh_login,48.05409,11.108546713637551,1,4.326,high,"is_fail=50.0, ip_is_external=13.0, geo_rarity=5.3",is_fail,test,alert,EP-97a830cfd5
2026-08-04 21:41:50.221000+00:00,auth,ASUS-X415JA,,127.0.0.1,sshd,ssh,42.52432,11.108546713637551,1,3.828,high,"event_type_seq=44.5, ip_is_external=11.8, is_fail=8.6",event_type_seq,test,alert,EP-97a830cfd5
2026-08-04 21:41:55.145000+00:00,auth,ASUS-X415JA,,127.0.0.1,sshd,ssh,20.040382,11.108546713637551,1,1.804,medium,"ip_is_external=22.0, event_type_seq=13.5, is_fail=9.7",ip_is_external,test,alert,EP-97a830cfd5
2026-08-04 21:41:56.601000+00:00,auth,ASUS-X415JA,root,127.0.0.1,sshd,ssh_login,42.536118,11.108546713637551,1,3.829,high,"is_fail=44.5, ip_is_external=13.8, user_rarity=2.5",is_fail,test,alert,EP-97a830cfd5
2026-08-04 21:42:05.090000+00:00,auth,ASUS-X415JA,root,127.0.0.1,sshd,ssh,20.047358,11.108546713637551,1,1.805,medium,"ip_is_external=21.7, event_type_seq=20.6, is_fail=16.3",ip_is_external,test,alert,EP-97a830cfd5
2026-08-04 21:42:05.780000+00:00,auth,ASUS-X415JA,,127.0.0.1,sshd,ssh,23.764704,11.108546713637551,1,2.139,medium,"ip_is_external=25.7, is_fail=18.5, event_type_seq=8.0",ip_is_external,test,alert,EP-97a830cfd5
2026-08-04 21:42:07.746000+00:00,auth,ASUS-X415JA,,127.0.0.1,sshd,ssh,29.90133,11.108546713637551,1,2.692,medium,"ip_is_external=31.8, is_fail=19.4, msg_length_log=5.3",ip_is_external,test,alert,EP-97a830cfd5
2026-08-04 21:42:09.849000+00:00,auth,ASUS-X415JA,root,127.0.0.1,sshd,ssh_login,33.790386,11.108546713637551,1,3.042,high,"is_fail=35.7, ip_is_external=31.7, event_type_seq=9.8",is_fail,test,alert,EP-97a830cfd5
2026-08-04 21:42:15.831000+00:00,auth,ASUS-X415JA,root,127.0.0.1,sshd,ssh_login,32.77,11.108546713637551,1,2.95,medium,"ip_is_external=34.7, is_fail=31.7, event_type_seq=5.9",ip_is_external,test,alert,EP-97a830cfd5
2026-08-04 21:42:22.526000+00:00,auth,ASUS-X415JA,root,127.0.0.1,sshd,ssh_login,34.941265,11.108546713637551,1,3.145,high,"ip_is_external=36.9, is_fail=27.9, event_type_seq=6.1",ip_is_external,test,alert,EP-97a830cfd5
2026-08-04 21:42:23.213000+00:00,auth,ASUS-X415JA,,127.0.0.1,sshd,ssh,36.992695,11.108546713637551,1,3.33,high,"ip_is_external=38.9, is_fail=31.3, event_type_seq=8.3",ip_is_external,test,alert,EP-97a830cfd5
2026-08-04 21:42:24.952000+00:00,auth,ASUS-X415JA,,127.0.0.1,sshd,ssh,36.921955,11.108546713637551,1,3.324,high,"ip_is_external=38.9, is_fail=31.0, msg_length_log=6.2",ip_is_external,test,alert,EP-97a830cfd5
2026-08-04 21:42:27.723000+00:00,auth,ASUS-X415JA,root,127.0.0.1,sshd,ssh_login,37.335396,11.108546713637551,1,3.361,high,"ip_is_external=39.3, is_fail=24.5, event_type_seq=4.8",ip_is_external,test,alert,EP-97a830cfd5
2026-08-04 21:42:34.767000+00:00,auth,ASUS-X415JA,root,127.0.0.1,sshd,ssh_login,37.006523,11.108546713637551,1,3.331,high,"ip_is_external=39.0, is_fail=24.5, event_type_seq=6.2",ip_is_external,test,alert,EP-97a830cfd5
2026-08-04 21:42:40.358000+00:00,auth,ASUS-X415JA,root,127.0.0.1,sshd,ssh_login,38.474663,11.108546713637551,1,3.464,high,"ip_is_external=40.4, is_fail=23.7, geo_rarity=6.1",ip_is_external,test,alert,EP-97a830cfd5
2026-08-04 21:42:41.239000+00:00,auth,ASUS-X415JA,,127.0.0.1,sshd,ssh,37.6586,11.108546713637551,1,3.39,high,"ip_is_external=39.6, is_fail=32.6, event_type_seq=7.9",ip_is_external,test,alert,EP-97a830cfd5
2026-08-04 21:42:43.085000+00:00,auth,ASUS-X415JA,,127.0.0.1,sshd,ssh,37.828526,11.108546713637551,1,3.405,high,"ip_is_external=39.8, is_fail=31.7, msg_length_log=6.2",ip_is_external,test,alert,EP-97a830cfd5
2026-08-04 21:42:45.661000+00:00,auth,ASUS-X415JA,root,127.0.0.1,sshd,ssh_login,37.369194,11.108546713637551,1,3.364,high,"ip_is_external=39.3, is_fail=24.4, event_type_seq=4.3",ip_is_external,test,alert,EP-97a830cfd5
2026-08-04 21:42:57.010000+00:00,auth,ASUS-X415JA,root,127.0.0.1,sshd,ssh,36.84876,11.108546713637551,1,3.317,high,"ip_is_external=38.8, is_fail=31.6, event_type_seq=5.8",ip_is_external,test,alert,EP-97a830cfd5
2026-08-04 21:42:57.031000+00:00,auth,ASUS-X415JA,,127.0.0.1,sshd,ssh,35.680435,11.108546713637551,1,3.212,high,"ip_is_external=37.6, is_fail=29.8, msg_length_log=5.8",ip_is_external,test,alert,EP-97a830cfd5
2026-08-04 21:43:26.748000+00:00,auth,ASUS-X415JA,,45.83.192.17,,other,48.05409,11.108546713637551,1,4.326,high,"ip_is_external=50.0, event_type_seq=26.8, msg_length_log=7.8",ip_is_external,test,alert,EP-97a830cfd5
2026-08-10 06:39:22.490000+00:00,auth,ASUS-X415JA,nouser_1ff6747b_1,127.0.0.1,sshd,ssh_login,48.0541,11.108546713637551,1,4.326,high,"user_rarity=50.0, ip_is_external=38.3, is_fail=25.5",user_rarity,test,alert,EP-c5edd4490c
2026-08-10 06:39:24.148000+00:00,auth,ASUS-X415JA,nouser_1ff6747b_2,127.0.0.1,sshd,ssh_login,48.05414,11.108546713637551,1,4.326,high,"user_rarity=50.0, ip_is_external=40.1, is_fail=25.8",user_rarity,test,alert,EP-c5edd4490c
2026-08-10 06:39:27.250000+00:00,auth,ASUS-X415JA,nouser_1ff6747b_3,127.0.0.1,sshd,ssh_login,48.054092,11.108546713637551,1,4.326,high,"user_rarity=50.0, ip_is_external=37.5, is_fail=24.1",user_rarity,test,alert,EP-c5edd4490c
2026-08-10 06:39:30.151000+00:00,auth,ASUS-X415JA,nouser_1ff6747b_4,127.0.0.1,sshd,ssh_login,37.28566,11.108546713637551,1,3.356,high,"user_rarity=39.2, ip_is_external=30.6, is_fail=20.1",user_rarity,test,alert,EP-c5edd4490c
2026-08-10 06:39:32.835000+00:00,auth,ASUS-X415JA,nouser_1ff6747b_5,127.0.0.1,sshd,ssh_login,22.326397,11.108546713637551,1,2.01,medium,"user_rarity=24.3, ip_is_external=17.9, is_fail=12.8",user_rarity,test,alert,EP-c5edd4490c
2026-08-10 06:39:35.376000+00:00,auth,ASUS-X415JA,nouser_1ff6747b_6,127.0.0.1,sshd,ssh_login,22.544542,11.108546713637551,1,2.029,medium,"user_rarity=24.5, is_fail=13.2, ip_is_external=4.3",user_rarity,test,alert,EP-c5edd4490c
2026-08-10 06:45:12.171000+00:00,auth,ASUS-X415JA,sentinel_u_1ff6747b,,useradd,useradd,48.05409,11.108546713637551,1,4.326,high,"user_rarity=50.0, event_type_seq=12.7, msg_length_log=7.0",user_rarity,test,alert,EP-f7c1bfd1a8
2026-08-10 06:45:12.204000+00:00,auth,ASUS-X415JA,,,usermod,usermod,42.27159,11.108546713637551,1,3.805,high,"event_type_seq=44.2, is_fail=1.8, ip_is_external=0.7",event_type_seq,test,alert,EP-f7c1bfd1a8
2026-08-10 06:45:12.204000+00:00,auth,ASUS-X415JA,,,usermod,usermod,48.05409,11.108546713637551,1,4.326,high,"event_type_seq=50.0, inter_arrival_log=0.4, user_rarity=0.3",event_type_seq,test,alert,EP-f7c1bfd1a8
2026-08-10 06:45:12.240000+00:00,auth,ASUS-X415JA,sentinel_u_1ff6747b,,su,su,39.606716,11.108546713637551,1,3.565,high,"user_rarity=41.6, ip_is_external=2.0, msg_length_log=1.5",user_rarity,test,alert,EP-f7c1bfd1a8
2026-08-10 06:45:14.266000+00:00,auth,ASUS-X415JA,,,gpasswd,gpasswd,42.417603,11.108546713637551,1,3.818,high,"event_type_seq=44.4, is_fail=2.0, ip_is_external=0.7",event_type_seq,test,alert,EP-f7c1bfd1a8
2026-08-10 06:45:14.296000+00:00,auth,ASUS-X415JA,sentinel_u_1ff6747b,,userdel,userdel,26.97668,11.108546713637551,1,2.428,medium,"user_rarity=28.9, event_type_seq=11.1, ip_is_external=1.3",user_rarity,test,alert,EP-f7c1bfd1a8
2026-08-10 07:30:03.405000+00:00,auth,ASUS-X415JA,bad_1ff6747b_1,127.0.0.1,sshd,ssh_login,15.980674,11.108546713637551,1,1.439,low,"user_rarity=17.9, is_fail=7.2, inter_arrival_log=3.5",user_rarity,test,alert,EP-989dcbe8ba
2026-08-10 07:30:03.576000+00:00,auth,ASUS-X415JA,bad_1ff6747b_2,127.0.0.1,sshd,ssh_login,15.909429,11.108546713637551,1,1.432,low,"user_rarity=17.9, is_fail=7.1, ip_is_external=2.2",user_rarity,test,alert,EP-989dcbe8ba
2026-08-04 23:29:28.692000+00:00,syslog,ASUS-X415JA,,,kernel,kernel,8.222639,7.937677922924306,1,1.036,low,"inter_arrival_log=11.0, msg_length_log=1.6",inter_arrival_log,test,alert,EP-4c9593bfa6
2026-08-05 08:08:44.492000+00:00,syslog,ASUS-X415JA,,,systemd-modules-load,init,13.000454,7.937677922924306,1,1.638,medium,"inter_arrival_log=15.8, msg_length_log=2.8, proc_rarity=0.6",inter_arrival_log,test,alert,EP-73f682e2ba
2026-08-05 10:46:02.810000+00:00,syslog,ASUS-X415JA,,,gvfsd-wsdd,other,39.29277,7.937677922924306,1,4.95,high,"proc_rarity=42.1, msg_length_log=0.2",proc_rarity,test,alert,EP-25663746e5
2026-08-05 10:46:02.812000+00:00,syslog,ASUS-X415JA,,,gvfsd-network,other,39.30272,7.937677922924306,1,4.951,high,"proc_rarity=42.1, msg_length_log=0.6, event_type_seq=0.2",proc_rarity,test,alert,EP-25663746e5
2026-08-05 11:25:01.049000+00:00,syslog,ASUS-X415JA,,,CRON,scheduler,7.945755,7.937677922924306,1,1.001,low,"event_type_seq=10.7, inter_arrival_log=0.4",event_type_seq,test,alert,EP-51586031ec
2026-08-05 14:30:43.716000+00:00,syslog,ASUS-X415JA,,,kernel,kernel,10.412089,7.937677922924306,1,1.312,low,"inter_arrival_log=13.2, msg_length_log=1.2, proc_rarity=0.1",inter_arrival_log,test,alert,EP-e15af44047
2026-08-05 14:30:44.948000+00:00,syslog,ASUS-X415JA,,,python3,other,47.22741,7.937677922924306,1,5.95,high,"proc_rarity=50.0, event_type_seq=1.4, msg_length_log=0.5",proc_rarity,test,alert,EP-e15af44047
2026-08-05 14:30:44.948000+00:00,syslog,ASUS-X415JA,,,python3,other,47.22741,7.937677922924306,1,5.95,high,"proc_rarity=50.0, msg_length_log=1.6, event_type_seq=0.5",proc_rarity,test,alert,EP-e15af44047
2026-08-05 14:30:45.951000+00:00,syslog,ASUS-X415JA,,,python3,other,47.22741,7.937677922924306,1,5.95,high,"proc_rarity=50.0, msg_length_log=1.7, inter_arrival_log=0.6",proc_rarity,test,alert,EP-e15af44047
2026-08-05 14:30:45.953000+00:00,syslog,ASUS-X415JA,,,python3,other,39.521812,7.937677922924306,1,4.979,high,"proc_rarity=42.3, msg_length_log=1.7",proc_rarity,test,alert,EP-e15af44047
2026-08-05 14:30:47.955000+00:00,syslog,ASUS-X415JA,,,python3,other,30.903387,7.937677922924306,1,3.893,high,"proc_rarity=33.7, msg_length_log=1.4, inter_arrival_log=1.3",proc_rarity,test,alert,EP-e15af44047
2026-08-05 14:30:47.957000+00:00,syslog,ASUS-X415JA,,,python3,other,25.16536,7.937677922924306,1,3.17,high,"proc_rarity=27.9, msg_length_log=1.5",proc_rarity,test,alert,EP-e15af44047
2026-08-05 15:04:52.540000+00:00,syslog,ASUS-X415JA,,,systemd-timesyncd,time,12.850676,7.937677922924306,1,1.619,medium,"event_type_seq=15.6, msg_length_log=2.1, proc_rarity=0.8",event_type_seq,test,alert,EP-ff2756ab6a
2026-08-05 16:46:50.718000+00:00,syslog,ASUS-X415JA,,,kernel,kernel,8.996882,7.937677922924306,1,1.133,low,"inter_arrival_log=11.7, msg_length_log=1.3",inter_arrival_log,test,alert,EP-f5c01eae01
2026-08-06 04:21:44.653000+00:00,syslog,ASUS-X415JA,,,kernel,kernel,13.410113,7.937677922924306,1,1.689,medium,"inter_arrival_log=16.2, msg_length_log=2.7, event_type_seq=0.3",inter_arrival_log,test,alert,EP-d9f3bbffb6
2026-08-06 04:32:40.766000+00:00,syslog,ASUS-X415JA,,,gvfsd-wsdd,other,30.830435,7.937677922924306,1,3.884,high,"proc_rarity=33.6, event_type_seq=2.4, msg_length_log=0.1",proc_rarity,test,alert,EP-38880c4c06
2026-08-06 04:32:40.768000+00:00,syslog,ASUS-X415JA,,,gvfsd-network,other,30.773176,7.937677922924306,1,3.877,high,"proc_rarity=33.5, event_type_seq=1.1, msg_length_log=0.5",proc_rarity,test,alert,EP-38880c4c06
2026-08-06 06:33:11.609000+00:00,syslog,ASUS-X415JA,,,PackageKit,package,8.915531,7.937677922924306,1,1.123,low,"event_type_seq=11.6, msg_length_log=5.5, proc_rarity=0.9",event_type_seq,test,alert,EP-69f4cd730b
2026-08-06 11:47:46.631000+00:00,syslog,ASUS-X415JA,,,systemd-modules-load,init,12.21349,7.937677922924306,1,1.539,medium,"inter_arrival_log=15.0, msg_length_log=2.7, proc_rarity=0.5",inter_arrival_log,test,alert,EP-6e92cba91d
2026-08-06 11:47:53.881000+00:00,syslog,ASUS-X415JA,,,dnsmasq-dhcp,other,18.035706,7.937677922924306,1,2.272,medium,"proc_rarity=20.8, event_type_seq=1.4",proc_rarity,test,alert,EP-6e92cba91d
2026-08-06 11:48:01.883000+00:00,syslog,ASUS-X415JA,,,evolution-calen,desktop,15.333002,7.937677922924306,1,1.932,medium,"proc_rarity=18.1, event_type_seq=0.1",proc_rarity,test,alert,EP-6e92cba91d
2026-08-06 11:48:01.968000+00:00,syslog,ASUS-X415JA,,,evolution-addre,desktop,47.22741,7.937677922924306,1,5.95,high,"proc_rarity=50.0, event_type_seq=0.5",proc_rarity,test,alert,EP-6e92cba91d
2026-08-06 11:50:33.382000+00:00,syslog,ASUS-X415JA,,,gvfsd-wsdd,other,25.146736,7.937677922924306,1,3.168,high,"proc_rarity=27.9, event_type_seq=0.5, msg_length_log=0.4",proc_rarity,test,alert,EP-6e92cba91d
2026-08-06 11:50:33.383000+00:00,syslog,ASUS-X415JA,,,gvfsd-network,other,25.158487,7.937677922924306,1,3.17,high,"proc_rarity=27.9, msg_length_log=0.6, event_type_seq=0.3",proc_rarity,test,alert,EP-6e92cba91d
2026-08-06 12:52:56.695000+00:00,syslog,ASUS-X415JA,,,kernel,kernel,8.025501,7.937677922924306,1,1.011,low,"inter_arrival_log=10.8, msg_length_log=1.0, proc_rarity=0.0",inter_arrival_log,test,alert,EP-a0499e0822
2026-08-06 17:33:15.694000+00:00,syslog,ASUS-X415JA,,,kernel,kernel,10.516277,7.937677922924306,1,1.325,low,"inter_arrival_log=13.3, msg_length_log=1.1, proc_rarity=0.1",inter_arrival_log,test,alert,EP-9006588180
2026-08-06 22:29:46.709000+00:00,syslog,ASUS-X415JA,,,kernel,kernel,11.792086,7.937677922924306,1,1.486,low,"inter_arrival_log=14.6, event_type_seq=1.8, msg_length_log=1.4",inter_arrival_log,test,alert,EP-b2b5f45e7c
2026-08-06 23:03:55.003000+00:00,syslog,ASUS-X415JA,,,systemd-timesyncd,time,9.644297,7.937677922924306,1,1.215,low,"event_type_seq=12.4, proc_rarity=0.4",event_type_seq,test,alert,EP-138b05de93
2026-08-07 06:39:26.494000+00:00,syslog,ASUS-X415JA,,,systemd-modules-load,init,12.28687,7.937677922924306,1,1.548,medium,"inter_arrival_log=15.1, msg_length_log=2.6, event_type_seq=1.2",inter_arrival_log,test,alert,EP-e3afef495a
2026-08-07 06:39:26.496000+00:00,syslog,ASUS-X415JA,,,gnome-remote-de,desktop,21.181974,7.937677922924306,1,2.669,medium,"proc_rarity=24.0, event_type_seq=5.4, msg_length_log=0.6",proc_rarity,test,alert,EP-e3afef495a
2026-08-07 06:44:36.506000+00:00,syslog,ASUS-X415JA,,,gvfsd-wsdd,other,20.958591,7.937677922924306,1,2.64,medium,"proc_rarity=23.7, event_type_seq=1.0, msg_length_log=0.4",proc_rarity,test,alert,EP-e6c67cf19c
2026-08-07 06:44:36.508000+00:00,syslog,ASUS-X415JA,,,gvfsd-network,other,21.076912,7.937677922924306,1,2.655,medium,"proc_rarity=23.8, msg_length_log=0.9, event_type_seq=0.4",proc_rarity,test,alert,EP-e6c67cf19c
2026-08-07 11:39:07.869000+00:00,syslog,ASUS-X415JA,,,systemd-modules-load,init,11.88895,7.937677922924306,1,1.498,low,"inter_arrival_log=14.7, msg_length_log=2.7, proc_rarity=0.5",inter_arrival_log,test,alert,EP-6be34e1ac5
2026-08-07 11:39:07.924000+00:00,syslog,ASUS-X415JA,,,gnome-remote-de,desktop,17.94477,7.937677922924306,1,2.261,medium,"proc_rarity=20.7, event_type_seq=2.2, msg_length_log=0.7",proc_rarity,test,alert,EP-6be34e1ac5
2026-08-07 11:40:49.004000+00:00,syslog,ASUS-X415JA,,,whoopsie,other,15.664377,7.937677922924306,1,1.973,medium,"proc_rarity=18.4, event_type_seq=2.0, msg_length_log=0.1",proc_rarity,test,alert,EP-6be34e1ac5
2026-08-07 12:09:09.189000+00:00,syslog,ASUS-X415JA,,,gvfsd-wsdd,other,18.014664,7.937677922924306,1,2.27,medium,"proc_rarity=20.8, msg_length_log=0.5, event_type_seq=0.4",proc_rarity,test,alert,EP-8d00453ab4
2026-08-07 12:09:09.190000+00:00,syslog,ASUS-X415JA,,,gvfsd-network,other,18.031206,7.937677922924306,1,2.272,medium,"proc_rarity=20.8, msg_length_log=1.0, event_type_seq=0.3",proc_rarity,test,alert,EP-8d00453ab4
2026-08-07 18:56:09.266000+00:00,syslog,ASUS-X415JA,,,systemd-timesyncd,time,10.851349,7.937677922924306,1,1.367,low,"event_type_seq=13.6, inter_arrival_log=2.7, proc_rarity=0.4",event_type_seq,test,alert,EP-91a5700e08
2026-08-07 19:43:00.629000+00:00,syslog,ASUS-X415JA,,,google-chrome.desktop,desktop,9.746121,7.937677922924306,1,1.228,low,"event_type_seq=12.5, inter_arrival_log=2.8",event_type_seq,test,alert,EP-923bd21837
2026-08-07 19:58:44.447000+00:00,syslog,ASUS-X415JA,,,google-chrome.desktop,desktop,8.298862,7.937677922924306,1,1.046,low,"event_type_seq=11.0, inter_arrival_log=3.7",event_type_seq,test,alert,EP-561968a0d1
2026-08-07 20:34:44.444000+00:00,syslog,ASUS-X415JA,,,google-chrome.desktop,desktop,7.992567,7.937677922924306,1,1.007,low,"event_type_seq=10.7, msg_length_log=0.1",event_type_seq,test,alert,EP-9facc5a1f6
2026-08-07 20:44:50.453000+00:00,syslog,ASUS-X415JA,,,google-chrome.desktop,desktop,8.559848,7.937677922924306,1,1.078,low,"event_type_seq=11.3, inter_arrival_log=2.5",event_type_seq,test,alert,EP-117e99d045
2026-08-07 20:47:00.449000+00:00,syslog,ASUS-X415JA,,,google-chrome.desktop,desktop,8.058263,7.937677922924306,1,1.015,low,"event_type_seq=10.8, inter_arrival_log=2.4",event_type_seq,test,alert,EP-117e99d045
2026-08-07 20:54:24.731000+00:00,syslog,ASUS-X415JA,,,google-chrome.desktop,desktop,8.754551,7.937677922924306,1,1.103,low,"event_type_seq=11.5, inter_arrival_log=0.7",event_type_seq,test,alert,EP-bd8a7c17d4
2026-08-07 21:19:56.453000+00:00,syslog,ASUS-X415JA,,,google-chrome.desktop,desktop,9.346623,7.937677922924306,1,1.178,low,"event_type_seq=12.1, inter_arrival_log=1.2",event_type_seq,test,alert,EP-bc588b513b
2026-08-07 21:20:00.453000+00:00,syslog,ASUS-X415JA,,,google-chrome.desktop,desktop,8.59115,7.937677922924306,1,1.082,low,"event_type_seq=11.3, inter_arrival_log=2.1",event_type_seq,test,alert,EP-bc588b513b
2026-08-07 21:26:47.819000+00:00,syslog,ASUS-X415JA,,,google-chrome.desktop,desktop,8.923734,7.937677922924306,1,1.124,low,"event_type_seq=11.7, inter_arrival_log=1.7",event_type_seq,test,alert,EP-1ab2839c52
2026-08-07 22:56:03.389000+00:00,syslog,ASUS-X415JA,,,google-chrome.desktop,desktop,8.154378,7.937677922924306,1,1.027,low,"event_type_seq=10.9, inter_arrival_log=0.8",event_type_seq,test,alert,EP-67ecb77480
2026-08-08 07:59:50.618000+00:00,syslog,ASUS-X415JA,,,systemd-modules-load,init,13.04577,7.937677922924306,1,1.644,medium,"inter_arrival_log=15.8, msg_length_log=2.6, proc_rarity=0.5",inter_arrival_log,test,alert,EP-7eed11dee7
2026-08-08 08:00:01.062000+00:00,syslog,ASUS-X415JA,,,firmware-updater.firmware-notifier,other,12.209075,7.937677922924306,1,1.538,medium,"proc_rarity=14.9, event_type_seq=7.0",proc_rarity,test,alert,EP-7eed11dee7
2026-08-08 08:00:01.062000+00:00,syslog,ASUS-X415JA,,,firmware-updater.firmware-notifier,other,10.840496,7.937677922924306,1,1.366,low,"proc_rarity=13.6, event_type_seq=3.6",proc_rarity,test,alert,EP-7eed11dee7
2026-08-08 08:00:01.666000+00:00,syslog,ASUS-X415JA,,,firmware-updater.firmware-notifier,other,9.801756,7.937677922924306,1,1.235,low,"proc_rarity=12.6, event_type_seq=0.6",proc_rarity,test,alert,EP-7eed11dee7
2026-08-08 08:00:01.666000+00:00,syslog,ASUS-X415JA,,,firmware-updater.firmware-notifier,other,8.831223,7.937677922924306,1,1.113,low,proc_rarity=11.6,proc_rarity,test,alert,EP-7eed11dee7
2026-08-08 15:14:54.691000+00:00,syslog,ASUS-X415JA,,,kernel,kernel,11.281827,7.937677922924306,1,1.421,low,"inter_arrival_log=14.0, proc_rarity=0.4",inter_arrival_log,test,alert,EP-3ba9922bd2
2026-08-09 09:52:09.546000+00:00,syslog,ASUS-X415JA,,,kernel,kernel,14.158684,7.937677922924306,1,1.784,medium,"inter_arrival_log=16.9, msg_length_log=2.5, event_type_seq=0.1",inter_arrival_log,test,alert,EP-d43034ffaf
2026-08-09 09:52:09.552000+00:00,syslog,ASUS-X415JA,,,gnome-remote-de,desktop,15.665144,7.937677922924306,1,1.974,medium,"proc_rarity=18.4, event_type_seq=3.9, msg_length_log=0.9",proc_rarity,test,alert,EP-d43034ffaf
2026-08-09 13:46:42.440000+00:00,syslog,ASUS-X415JA,,,google-chrome.desktop,desktop,8.254951,7.937677922924306,1,1.04,low,"event_type_seq=11.0, msg_length_log=0.5",event_type_seq,test,alert,EP-8fb8c17a68
2026-08-09 13:47:00.356000+00:00,syslog,ASUS-X415JA,,,google-chrome.desktop,desktop,8.780695,7.937677922924306,1,1.106,low,"event_type_seq=11.5, inter_arrival_log=3.2",event_type_seq,test,alert,EP-8fb8c17a68
2026-08-09 13:55:00.355000+00:00,syslog,ASUS-X415JA,,,google-chrome.desktop,desktop,8.392959,7.937677922924306,1,1.057,low,"event_type_seq=11.1, msg_length_log=1.6, inter_arrival_log=0.7",event_type_seq,test,alert,EP-c0e190aec3
2026-08-09 14:06:53.383000+00:00,syslog,ASUS-X415JA,,,google-chrome.desktop,desktop,8.935044,7.937677922924306,1,1.126,low,"event_type_seq=11.7, msg_length_log=1.1, inter_arrival_log=0.1",event_type_seq,test,alert,EP-3daa5abebe
2026-08-09 14:07:00.327000+00:00,syslog,ASUS-X415JA,,,google-chrome.desktop,desktop,8.254483,7.937677922924306,1,1.04,low,"event_type_seq=11.0, msg_length_log=1.9",event_type_seq,test,alert,EP-3daa5abebe
2026-08-09 14:15:43.202000+00:00,syslog,ASUS-X415JA,,,google-chrome.desktop,desktop,8.285707,7.937677922924306,1,1.044,low,"event_type_seq=11.0, inter_arrival_log=1.2",event_type_seq,test,alert,EP-86433e3a0b
2026-08-09 14:15:48.397000+00:00,syslog,ASUS-X415JA,,,google-chrome.desktop,desktop,8.538168,7.937677922924306,1,1.076,low,"event_type_seq=11.3, inter_arrival_log=2.2",event_type_seq,test,alert,EP-86433e3a0b
2026-08-09 14:21:54.436000+00:00,syslog,ASUS-X415JA,,,google-chrome.desktop,desktop,8.283679,7.937677922924306,1,1.044,low,"event_type_seq=11.0, inter_arrival_log=2.9",event_type_seq,test,alert,EP-6e7c0063af
2026-08-09 14:21:58.465000+00:00,syslog,ASUS-X415JA,,,google-chrome.desktop,desktop,8.657982,7.937677922924306,1,1.091,low,event_type_seq=11.4,event_type_seq,test,alert,EP-6e7c0063af
2026-08-09 14:26:36.175000+00:00,syslog,ASUS-X415JA,,,google-chrome.desktop,desktop,8.425821,7.937677922924306,1,1.061,low,"event_type_seq=11.2, inter_arrival_log=1.2",event_type_seq,test,alert,EP-6e7c0063af
2026-08-09 14:35:01.211000+00:00,syslog,ASUS-X415JA,,,CRON,scheduler,8.126217,7.937677922924306,1,1.024,low,"event_type_seq=10.9, inter_arrival_log=2.3",event_type_seq,test,alert,EP-4c5f65fef2
2026-08-09 17:05:33.693000+00:00,syslog,ASUS-X415JA,,,kernel,kernel,9.377635,7.937677922924306,1,1.181,low,"inter_arrival_log=12.1, msg_length_log=1.3",inter_arrival_log,test,alert,EP-3452365288
2026-08-09 17:05:39.504000+00:00,syslog,ASUS-X415JA,,,dnsmasq-dhcp,other,15.505188,7.937677922924306,1,1.953,medium,"proc_rarity=18.3, event_type_seq=0.9",proc_rarity,test,alert,EP-3452365288
2026-08-10 05:06:46.665000+00:00,syslog,ASUS-X415JA,,,systemd-modules-load,init,13.367247,7.937677922924306,1,1.684,medium,"inter_arrival_log=16.1, msg_length_log=2.7, proc_rarity=0.4",inter_arrival_log,test,alert,EP-d6effbc9ce
2026-08-10 06:12:45.127000+00:00,syslog,ASUS-X415JA,,,fstrim,other,21.10519,7.937677922924306,1,2.659,medium,"proc_rarity=23.9, inter_arrival_log=2.1, event_type_seq=0.2",proc_rarity,test,alert,EP-8bf4968707
2026-08-10 06:12:45.127000+00:00,syslog,ASUS-X415JA,,,fstrim,other,17.92746,7.937677922924306,1,2.259,medium,proc_rarity=20.7,proc_rarity,test,alert,EP-8bf4968707
2026-08-10 07:18:48.696000+00:00,syslog,ASUS-X415JA,,,sentinel_1ff6747b_daemon2,other,47.22741,7.937677922924306,1,5.95,high,"proc_rarity=50.0, msg_length_log=4.2, event_type_seq=2.0",proc_rarity,test,alert,EP-518abd36eb
2026-08-10 07:18:48.803000+00:00,syslog,ASUS-X415JA,,,sentinel_1ff6747b_daemon2,other,47.22741,7.937677922924306,1,5.95,high,"proc_rarity=50.0, msg_length_log=4.1, inter_arrival_log=1.2",proc_rarity,test,alert,EP-518abd36eb
2026-08-10 07:18:48.909000+00:00,syslog,ASUS-X415JA,,,sentinel_1ff6747b_daemon2,other,47.22741,7.937677922924306,1,5.95,high,"proc_rarity=50.0, msg_length_log=4.0, event_type_seq=0.6",proc_rarity,test,alert,EP-518abd36eb
2026-08-10 07:18:49.016000+00:00,syslog,ASUS-X415JA,,,sentinel_1ff6747b_daemon2,other,39.448357,7.937677922924306,1,4.97,high,"proc_rarity=42.2, msg_length_log=3.8, event_type_seq=0.5",proc_rarity,test,alert,EP-518abd36eb
2026-08-10 07:18:49.122000+00:00,syslog,ASUS-X415JA,,,sentinel_1ff6747b_daemon2,other,30.955496,7.937677922924306,1,3.9,high,"proc_rarity=33.7, msg_length_log=3.7, event_type_seq=0.0",proc_rarity,test,alert,EP-518abd36eb
2026-08-10 07:24:25.317000+00:00,syslog,ASUS-X415JA,,,sentinel_1ff6747b_flood,other,25.224339,7.937677922924306,1,3.178,high,"proc_rarity=28.0, inter_arrival_log=2.3, event_type_seq=1.8",proc_rarity,test,alert,EP-a51a619b9e
2026-08-10 07:24:25.380000+00:00,syslog,ASUS-X415JA,,,sentinel_1ff6747b_flood,other,21.037336,7.937677922924306,1,2.65,medium,"proc_rarity=23.8, msg_length_log=1.2, event_type_seq=0.8",proc_rarity,test,alert,EP-a51a619b9e
2026-08-10 07:24:25.441000+00:00,syslog,ASUS-X415JA,,,sentinel_1ff6747b_flood,other,17.933878,7.937677922924306,1,2.259,medium,"proc_rarity=20.7, msg_length_log=1.3, event_type_seq=0.6",proc_rarity,test,alert,EP-a51a619b9e
2026-08-10 07:24:25.506000+00:00,syslog,ASUS-X415JA,,,sentinel_1ff6747b_flood,other,15.564921,7.937677922924306,1,1.961,medium,"proc_rarity=18.3, msg_length_log=1.6, event_type_seq=0.2",proc_rarity,test,alert,EP-a51a619b9e
2026-08-10 07:24:25.572000+00:00,syslog,ASUS-X415JA,,,sentinel_1ff6747b_flood,other,13.625902,7.937677922924306,1,1.717,medium,"proc_rarity=16.4, msg_length_log=1.7, event_type_seq=0.1",proc_rarity,test,alert,EP-a51a619b9e
2026-08-10 07:24:25.636000+00:00,syslog,ASUS-X415JA,,,sentinel_1ff6747b_flood,other,12.1192465,7.937677922924306,1,1.527,medium,"proc_rarity=14.9, msg_length_log=1.8, event_type_seq=0.2",proc_rarity,test,alert,EP-a51a619b9e
2026-08-10 07:24:25.700000+00:00,syslog,ASUS-X415JA,,,sentinel_1ff6747b_flood,other,10.804411,7.937677922924306,1,1.361,low,"proc_rarity=13.6, msg_length_log=1.8, event_type_seq=0.4",proc_rarity,test,alert,EP-a51a619b9e
2026-08-10 07:24:25.763000+00:00,syslog,ASUS-X415JA,,,sentinel_1ff6747b_flood,other,9.713667,7.937677922924306,1,1.224,low,"proc_rarity=12.5, msg_length_log=1.7, event_type_seq=0.8",proc_rarity,test,alert,EP-a51a619b9e
2026-08-10 07:24:25.827000+00:00,syslog,ASUS-X415JA,,,sentinel_1ff6747b_flood,other,8.80488,7.937677922924306,1,1.109,low,"proc_rarity=11.5, msg_length_log=1.7, event_type_seq=0.6",proc_rarity,test,alert,EP-a51a619b9e
2026-08-10 07:24:25.891000+00:00,syslog,ASUS-X415JA,,,sentinel_1ff6747b_flood,other,8.00919,7.937677922924306,1,1.009,low,"proc_rarity=10.7, msg_length_log=1.7, event_type_seq=0.4",proc_rarity,test,alert,EP-a51a619b9e
2026-08-10 14:59:11.693000+00:00,syslog,ASUS-X415JA,,,kernel,kernel,12.327127,7.937677922924306,1,1.553,medium,"inter_arrival_log=15.1, msg_length_log=0.8, proc_rarity=0.2",inter_arrival_log,test,alert,EP-646617921c
2026-08-10 19:33:16.349000+00:00,syslog,ASUS-X415JA,,,CRON,scheduler,8.79191,7.937677922924306,1,1.108,low,"event_type_seq=11.5, msg_length_log=0.3, proc_rarity=0.1",event_type_seq,test,alert,EP-2a7d05a9c2
2026-08-10 23:56:55.691000+00:00,syslog,ASUS-X415JA,,,kernel,kernel,11.4065,7.937677922924306,1,1.437,low,"inter_arrival_log=14.2, msg_length_log=1.0, proc_rarity=0.0",inter_arrival_log,test,alert,EP-bc5a7dde87
2026-08-11 10:18:07.027000+00:00,syslog,ASUS-X415JA,,,systemd-modules-load,init,13.244137,7.937677922924306,1,1.669,medium,"inter_arrival_log=16.0, msg_length_log=2.4, proc_rarity=0.1",inter_arrival_log,test,alert,EP-b478ce6cf0
2026-08-11 15:00:39.374000+00:00,syslog,ASUS-X415JA,,,google-chrome.desktop,desktop,8.310934,7.937677922924306,1,1.047,low,event_type_seq=11.1,event_type_seq,test,alert,EP-b93c784940
2026-08-11 15:01:31.156000+00:00,syslog,ASUS-X415JA,,,google-chrome.desktop,desktop,9.053695,7.937677922924306,1,1.141,low,"event_type_seq=11.8, msg_length_log=1.5, inter_arrival_log=1.1",event_type_seq,test,alert,EP-b93c784940
2026-08-11 18:48:38.714000+00:00,syslog,ASUS-X415JA,,,kernel,kernel,10.721618,7.937677922924306,1,1.351,low,"inter_arrival_log=13.5, proc_rarity=0.4",inter_arrival_log,test,alert,EP-8284c3efc1
2026-08-12 10:19:02.678000+00:00,syslog,ASUS-X415JA,,,systemd-modules-load,init,13.900486,7.937677922924306,1,1.751,medium,"inter_arrival_log=16.7, msg_length_log=2.6, proc_rarity=0.2",inter_arrival_log,test,alert,EP-ea659c71b2
